,bytesSent,bytesReceived,testNum,codec,enc_type,spatial,temporal,recordedTime,atCorrectResTime,correctResPerc,correctedFromFrozen,jitterBufferDelay,totalAssemblyTime,totalDecodeTime,totalFreezesDuration,totalInterFrameDelay,totalSquaredInterFrameDelay,totalPausesDuration,totalProcessingDelay,framesDecoded,framesDropped,framesReceived,freezeCount
Unnamed 0,13973,293815,0,video_av1,svc,0,0,27799.0,26599.0,95.68329796035829,0.0,2.938217,0.910316,0.21205,0.0,17.693,2.524323,0,3.174642,132,0,132,0
Unnamed 1,18278,367707,1,video_av1,svc,0,1,27800.0,25000.0,89.92805755395683,0.0,18.297499,1.036568,0.373095,0.0,17.744,1.4143739999999998,0,18.707871,252,1,253,0
Unnamed 2,24003,579826,10,video_av1,simulcast,0,1,28000.0,16800.0,60.0,0.0,8.833686,0.942709,0.1888949999999999,0.0,27.305,2.352033,0,8.915872,356,3,359,0
281,22254,555154,100,video_vp9,simulcast,0,1,27993.0,11893.64697265625,42.48793259977941,2899.35302734375,0.943007,0.185551,0.3347429999999999,12.229,26.258,40.870116,0,1.310581,178,136,178,4
281,27603,891631,101,video_vp9,simulcast,0,2,27990.0,16401.0,58.59592711682744,189.0,14.030165,0.758323,1.3690369999999998,0.189,27.915,1.2925809999999918,0,15.490256,746,1,747,1
279,18690,1311765,102,video_vp9,simulcast,1,0,27800.0,22557.7939453125,81.14314368817446,3041.2060546875,0.349173,0.14238,0.3892239999999999,4.112,27.813,14.821768999999998,0,0.769293,175,55,175,2
Unnamed 3,25141,1207563,103,video_vp9,simulcast,1,1,28000.0,3632.0,12.971428571428573,9368.0,4.754086,1.439022,0.860553,9.368,27.51,30.240738000000032,0,5.680524,443,80,443,3
Unnamed 4,27104,1612141,104,video_vp9,simulcast,1,2,28000.0,3800.0,13.571428571428571,200.0,9.571274,1.889927,1.107403,5.71,27.891,12.647567,0,10.758403,561,103,563,6
Unnamed 5,26796,1384048,105,video_vp9,simulcast,2,0,27994.0,0.0,0.0,0.0,11.433567,1.291071,0.982455,3.152,26.268,11.35911400000002,0,12.487763,518,33,518,1
281,26961,1579858,106,video_vp9,simulcast,2,1,28000.0,0.0,0.0,0.0,6.817708,1.311828,0.960244,8.971,26.871,22.02286700000003,0,7.846989,476,135,479,8
Unnamed 6,36069,10902648,107,video_vp9,simulcast,2,2,28000.0,22800.0,81.42857142857143,0.0,21.829425,3.224165,1.54819,0.936,27.884,2.224018000000014,0,23.44396,749,26,751,1
Unnamed 7,15006,293948,108,video_av1,svc,0,0,28001.0,27800.0,99.28216849398235,0.0,3.847729,0.7633059999999999,0.217003,0.0,17.693,2.495827,0,4.08998,132,0,132,0
Unnamed 8,19488,376704,109,video_av1,svc,0,1,28000.0,21140.0,75.5,259.0,14.598366,0.7331559999999999,0.324407,3.432,17.832,11.22688400000001,0,14.958525,211,1,212,2
Unnamed 9,27541,863621,11,video_av1,simulcast,0,2,27997.0,14600.0,52.14844447619388,0.0,15.663409,1.225233,0.785427,0.0,27.452,1.3707119999999948,0,16.424056,707,2,710,0
281,19626,534639,110,video_av1,svc,0,2,28000.0,24587.0,87.81071428571428,213.0,28.703387,0.991991,0.717631,0.213,18.041,0.849681,0,29.485892,510,0,510,1
Unnamed 10,21329,628156,111,video_av1,svc,1,0,28000.0,12813.429931640625,45.76224975585937,9786.570068359375,6.814785,0.854923,0.1974459999999999,10.261,14.989,32.358277,0,7.038808,124,79,145,5
Unnamed 11,20747,827847,112,video_av1,svc,1,1,28000.0,99.560302734375,0.355572509765625,9500.439697265625,2.08144,0.7054779999999999,0.181466,10.566,14.955,32.269771,0,2.286898,128,177,191,6
Unnamed 12,20255,1003182,113,video_av1,svc,1,2,28000.0,0.0,0.0,0.0,1.668227,0.463202,0.199543,10.304,14.844,31.864202,0,1.894201,127,319,215,5
Unnamed 13,7010,31170,114,video_av1,svc,2,0,28000.0,0.0,0.0,0.0,0.070181,0.058719,0.011968,0.0,0.14,0.0196,0,0.095639,2,0,2,0
Unnamed 14,6955,22618,115,video_av1,svc,2,1,27800.0,0.0,0.0,0.0,0.00688,0.0068,0.0098999999999999,0.0,0.0,0.0,0,0.029547,1,0,1,0
281,20330,925625,116,video_av1,svc,2,2,28001.0,0.0,0.0,0.0,3.566089,0.6491049999999999,0.207789,10.44,15.441,33.517311,0,3.802262,131,329,199,5
Unnamed 15,16957,447752,117,video_av1,simulcast,0,0,27800.0,21800.0,78.41726618705036,0.0,1.335857,0.77139,0.381106,0.0,27.267,4.427230999999999,0,1.622687,178,2,180,0
Unnamed 16,23960,574418,118,video_av1,simulcast,0,1,28000.0,18800.0,67.14285714285714,0.0,7.467282999999999,0.939027,0.6480199999999999,0.0,27.355,2.378439000000003,0,8.049846,356,2,358,0
Unnamed 17,27446,851965,119,video_av1,simulcast,0,2,28000.0,11200.0,40.0,0.0,15.213291,1.04769,1.095443,0.0,27.396,1.4151819999999944,0,16.284805,704,2,706,0
Unnamed 18,23084,1068794,12,video_av1,simulcast,1,0,27800.0,11000.77197265625,39.57112220379946,1599.22802734375,15.581429,3.016488,0.26459,1.628,27.207,3.508822999999998,0,15.767707,437,2,440,4
Unnamed 19,23428,1076343,120,video_av1,simulcast,1,0,28000.0,12456.0,44.48571428571428,1544.0,11.844936,2.923412,0.955663,1.544,27.271,3.550382999999999,0,12.751465,439,2,441,3
Unnamed 20,25769,2087076,121,video_av1,simulcast,1,1,28000.0,19400.0,69.28571428571428,0.0,6.044895,0.1528729999999999,1.36616,0.0,27.726,2.173662000000002,0,7.413747,382,1,383,0
Unnamed 21,27939,1697771,122,video_av1,simulcast,1,2,28001.0,6399.0,22.85275525874076,0.0,28.862546,4.308989,1.591653,0.0,27.398,1.4950099999999922,0,30.427632,677,2,680,0
Unnamed 22,27252,1675960,123,video_av1,simulcast,2,0,28000.0,0.0,0.0,0.0,34.344942,4.03851,1.5511659999999998,0.538,27.372,1.6573299999999922,0,35.802609,661,3,666,2
Unnamed 23,27990,1720751,124,video_av1,simulcast,2,1,28000.0,0.0,0.0,0.0,28.732292,3.786446,0.8045279999999999,0.569,27.346,1.5249219999999883,0,29.40203,689,2,693,2
Unnamed 24,27172,1734534,125,video_av1,simulcast,2,2,28000.0,0.0,0.0,0.0,30.584323,4.163646,0.949922,0.266,27.475,1.4729949999999885,0,31.529372,696,2,700,1
Unnamed 25,17385,277917,126,video_vp9,svc,0,0,28000.0,1800.0,6.428571428571428,0.0,10.074665,0.434141,0.383827,0.0,27.521,3.805646999999997,0,10.489721,209,0,210,0
Unnamed 26,25605,727864,127,video_vp9,svc,0,1,28001.0,28001.0,100.0,0.0,3.225962,0.092434,0.795466,0.0,27.824,2.0032739999999998,0,4.081869999999999,410,0,411,0
Unnamed 27,27082,529438,128,video_vp9,svc,0,2,28001.0,1799.0,6.424770543909146,0.0,13.908206,0.4470929999999999,1.520424,0.462,27.638,1.3014319999999937,0,15.516568,807,9,817,2
Unnamed 28,19444,2250938,129,video_vp9,svc,1,0,28000.0,27000.0,96.42857142857143,0.0,2.667232,0.147528,2.340086,0.0,27.781,3.8056129999999984,0,5.046368999999999,208,0,208,0
Unnamed 29,26358,1301346,13,video_av1,simulcast,1,1,28000.0,8822.0439453125,31.5072998046875,577.9560546875,23.141249,3.434737,0.612547,1.048,27.379,2.110565000000001,0,23.659856,514,3,517,4
Unnamed 30,28519,2905782,130,video_vp9,svc,1,1,28000.0,27000.0,96.42857142857143,0.0,4.697424,0.105588,4.022469,0.0,27.846,2.029666,0,8.784614999999999,414,2,415,0
281,28592,1428450,131,video_vp9,svc,1,2,28000.0,0.0,0.0,0.0,19.920811,0.4021829999999999,1.448053,11.233,27.926,32.80905200000014,0,21.440981,474,569,704,5
281,27157,1759842,132,video_vp9,svc,2,0,28000.0,0.0,0.0,0.0,10.99357,0.608223,0.934677,15.681,27.48,38.15528400000007,0,11.527786,250,400,426,10
Unnamed 31,29799,2025667,133,video_vp9,svc,2,1,28000.0,0.0,0.0,0.0,9.898927,0.538218,0.97169,15.4,26.794,38.555732000000056,0,10.827889,250,515,493,10
Unnamed 32,35277,7642197,134,video_vp9,svc,2,2,27994.0,276.452880859375,0.9875433337835786,1723.547119140625,2.247552,0.067706,0.717391,16.098,24.907,43.38376099999999,0,2.739802,81,1224,370,9
Unnamed 33,15064,369582,135,video_vp9,simulcast,0,0,27995.0,11935.64599609375,42.63492050756831,2859.35400390625,0.543399,0.3311679999999999,0.2057969999999999,12.348,25.915,40.37479700000001,0,0.7740659999999999,98,52,98,4
Unnamed 34,20129,476976,136,video_vp9,simulcast,0,1,28000.0,12064.373046875,43.087046595982144,2935.626953125,1.224805,0.285832,0.3734039999999999,11.859,25.902,39.540398,0,1.632539,184,76,184,4
Unnamed 35,27872,1032821,137,video_vp9,simulcast,0,2,28000.0,26800.0,95.71428571428572,0.0,4.885515,0.0734249999999999,1.351826,0.0,27.888,10.256581999999964,0,6.329866,743,68,744,0
Unnamed 36,22475,940273,138,video_vp9,simulcast,1,0,28000.0,4153.4599609375,14.833785574776787,9446.5400390625,4.666987,0.977605,0.794868,9.517,26.143,26.415785000000007,0,5.521253,406,40,407,5
281,25047,1199038,139,video_vp9,simulcast,1,1,28000.0,1634.01611328125,5.835771833147321,9365.98388671875,4.531829,1.080176,0.811669,9.731,26.37,30.547462,0,5.404116999999999,409,93,409,4
Unnamed 37,27474,1667157,14,video_av1,simulcast,1,2,27800.0,3400.0,12.23021582733813,0.0,28.389893,4.044609,0.53645,0.547,27.401,1.5934369999999909,0,28.854807,660,2,665,2
281,27281,1576084,140,video_vp9,simulcast,1,2,28000.0,3600.0,12.857142857142856,0.0,18.329463,2.109248,1.214955,1.453,27.934,2.027087999999997,0,19.629434,626,13,627,4
Unnamed 38,22442,4643445,141,video_vp9,simulcast,2,0,28000.0,22828.0,81.52857142857142,3172.0,8.230678,1.7711359999999998,0.452283,3.172,27.836,14.007660000000012,0,8.71589,192,32,192,1
281,27082,1485656,142,video_vp9,simulcast,2,1,27999.0,0.0,0.0,0.0,16.623115,2.494621,1.193734,0.204,27.936,1.712629999999996,0,17.903344,613,2,614,1
Unnamed 39,27121,1542309,143,video_vp9,simulcast,2,2,28001.0,0.0,0.0,0.0,15.927899,2.500573,1.137326,3.164,27.694,11.336302000000014,0,17.142008999999998,587,31,588,1
Unnamed 40,14248,286613,144,video_av1,svc,0,0,28000.0,26800.0,95.71428571428572,0.0,3.376868,0.386291,0.2115749999999999,0.0,17.728,2.5168699999999995,0,3.614048,132,0,132,0
Unnamed 41,18859,375489,145,video_av1,svc,0,1,28000.0,25154.0,89.83571428571429,246.0,12.80147,0.618274,0.4039419999999999,0.246,17.864,1.3689119999999977,0,13.249617,260,0,260,1
Unnamed 42,19948,506249,146,video_av1,svc,0,2,28000.0,25526.0,91.16428571428571,274.0,31.686166,1.068362,0.702683,0.274,17.851,0.8272830000000005,0,32.457893,512,0,512,1
281,18333,676683,147,video_av1,svc,1,0,28000.0,12280.19921875,43.85785435267857,10119.80078125,6.003298,0.6261059999999999,0.2033819999999999,10.806,15.823,34.693413,0,6.232522,130,95,166,6
Unnamed 43,20546,787398,148,video_av1,svc,1,1,28000.0,142.5810546875,0.5092180524553571,12857.4189453125,2.417095,0.5305329999999999,0.2072669999999999,13.544,18.112,43.069434,0,2.651714,131,222,182,6
Unnamed 44,20370,1056175,149,video_av1,svc,1,2,27800.0,0.0,0.0,0.0,1.555339,0.4165709999999999,0.1919539999999999,10.3,14.899,31.737079,0,1.772589,127,322,228,5
Unnamed 45,23317,5064062,15,video_av1,simulcast,2,0,27999.0,25367.0,90.59966427372406,233.0,7.957034999999999,3.144089,0.356216,0.233,27.547,3.9893209999999977,0,8.283213,215,1,216,1
Unnamed 46,19702,1007925,150,video_av1,svc,2,0,28000.0,0.0,0.0,0.0,3.483891,0.684792,0.191219,10.167,14.728,31.667532,0,3.700308,130,319,229,5
Unnamed 47,20338,1031054,151,video_av1,svc,2,1,28000.0,0.0,0.0,0.0,1.851103,0.4455949999999999,0.197822,10.324,14.898,31.852132,0,2.076723,127,319,226,5
Unnamed 48,20289,1019912,152,video_av1,svc,2,2,28000.0,0.0,0.0,0.0,2.96818,0.889566,0.170872,10.438,14.943,32.696697,0,3.162946,129,311,214,5
Unnamed 49,17006,447275,153,video_av1,simulcast,0,0,28000.0,20200.0,72.14285714285714,0.0,1.280215,0.840695,0.3770949999999999,0.0,27.123,4.503060999999997,0,1.575939,175,2,177,0
Unnamed 50,24086,571561,154,video_av1,simulcast,0,1,28000.0,12000.0,42.857142857142854,0.0,5.028563,0.667959,0.648336,0.0,27.324,2.3383380000000016,0,5.619949,358,2,360,0
281,27492,861634,155,video_av1,simulcast,0,2,28000.0,12600.0,45.0,0.0,22.205584,1.503253,1.119457,0.0,27.459,1.3824349999999916,0,23.267679,708,3,713,0
Unnamed 51,22952,1077274,156,video_av1,simulcast,1,0,27800.0,12130.431884765625,43.63464706750225,869.568115234375,11.113689,2.910384,0.951847,0.966,27.233,3.367034999999999,0,12.01755,435,2,437,2
Unnamed 52,26084,1280655,157,video_av1,simulcast,1,1,27800.0,9976.0,35.884892086330936,624.0,17.642176,2.893233,1.197785,0.624,27.206,2.0859060000000045,0,18.792603,522,2,525,2
Unnamed 53,26603,1674931,158,video_av1,simulcast,1,2,28000.0,5000.0,17.857142857142858,0.0,35.406437,3.546843,1.595728,1.527,27.49,2.5081800000000083,0,37.036117,656,2,659,3
Unnamed 54,27593,1719641,159,video_av1,simulcast,2,0,27800.0,0.0,0.0,0.0,31.474694,4.147419999999999,1.584741,0.266,27.298,1.5398839999999911,0,33.013146,675,2,680,1
Unnamed 55,29172,1653090,16,video_av1,simulcast,2,1,28000.0,0.0,0.0,0.0,22.558558,3.484762,0.693527,3.439,27.375,11.529804999999994,0,23.19571,580,2,583,2
Unnamed 56,27517,1560162,160,video_av1,simulcast,2,1,27999.0,0.0,0.0,0.0,27.237789,3.376124,1.489285,0.419,27.402,1.599585999999996,0,28.700484,633,2,637,2
281,27764,1738947,161,video_av1,simulcast,2,2,28000.0,0.0,0.0,0.0,23.836397,3.633889,1.6188669999999998,0.439,27.459,1.5015829999999908,0,25.453343,686,2,691,2
281,16953,283808,162,video_vp9,svc,0,0,28001.0,2000.0,7.142602049926788,0.0,8.071907999999999,0.3220079999999999,0.442361,0.0,27.818,3.802451999999997,0,8.552334,211,0,212,0
Unnamed 57,24534,350696,163,video_vp9,svc,0,1,28000.0,1800.0,6.428571428571428,0.0,31.622266,0.314593,0.7807179999999999,0.576,27.626,2.1024840000000014,0,32.460761999999995,410,0,413,2
Unnamed 58,26669,494788,164,video_vp9,svc,0,2,28000.0,1800.0,6.428571428571428,0.0,15.535578999999998,0.3343339999999999,1.553899,0.22,27.601,1.2482769999999936,0,17.192854,807,9,816,1
279,19558,2213514,165,video_vp9,svc,1,0,27800.0,27000.0,97.12230215827337,0.0,1.361942,0.086602,2.44725,0.0,27.764,3.9485799999999984,0,3.847579,207,0,207,0
281,26693,1000243,166,video_vp9,svc,1,1,28000.0,0.0,0.0,0.0,13.992476,0.399708,1.004,11.434,27.886,33.47864599999995,0,15.043093,273,288,394,6
Unnamed 59,31026,4085318,167,video_vp9,svc,1,2,28001.0,21201.0,75.71515303024891,0.0,11.157457,0.096736,6.541687,0.0,27.9,1.369575999999994,0,17.817686,790,24,792,0
279,25360,4870450,168,video_vp9,svc,2,0,27800.0,-13.9560546875,-0.05020163556654676,13213.9560546875,1.582381,0.0671669999999999,0.766176,22.761,27.139,58.750399,0,2.183084,81,458,215,11
Unnamed 60,34224,6202787,169,video_vp9,svc,2,1,28000.0,193.35009765625,0.6905360630580357,6406.64990234375,1.5350089999999998,0.0649889999999999,0.5668909999999999,17.537,26.562,46.891474,0,1.7580939999999998,55,853,262,10
Unnamed 61,27162,1699695,17,video_av1,simulcast,2,2,28000.0,0.0,0.0,0.0,27.838896,3.669827,0.475579,0.632,27.489,1.5202869999999893,0,28.252948,680,2,684,3
Unnamed 62,36141,8546525,170,video_vp9,svc,2,2,28000.0,287.800048828125,1.0278573172433036,912.199951171875,1.953854,0.067062,0.6423909999999999,16.724,26.852,41.109244,0,2.042675,56,1585,397,11
Unnamed 63,17299,448502,171,video_vp9,simulcast,0,0,28001.0,28001.0,100.0,0.0,0.657412,0.05427,0.340819,0.0,27.768,21.605538000000045,0,1.017317,166,34,167,0
281,23081,560273,172,video_vp9,simulcast,0,1,27999.0,10335.498046875,36.91381137495982,2863.501953125,1.158002,0.196021,0.376249,11.831,26.172,36.98519399999999,0,1.5686289999999998,187,145,187,4
Unnamed 64,27491,910700,173,video_vp9,simulcast,0,2,28000.0,16000.0,57.14285714285714,0.0,10.180223,0.4449749999999999,1.414382,0.0,27.936,1.2053279999999948,0,11.687336,771,0,771,0
281,21804,885220,174,video_vp9,simulcast,1,0,28000.0,2022.992919921875,7.224974714006696,11577.007080078125,4.521742,1.19686,0.770787,11.683,26.636,35.358644000000005,0,5.348491999999999,388,39,388,4
Unnamed 65,24278,1196504,175,video_vp9,simulcast,1,1,28000.0,1125.0,4.017857142857143,4275.0,9.5129,1.131383,0.813222,9.018,26.192,24.702271999999997,0,10.389128,404,99,404,5
Unnamed 66,26926,1558770,176,video_vp9,simulcast,1,2,28000.0,1800.0,6.428571428571428,0.0,10.792283,1.747105,1.033207,4.974,27.894,12.65783000000001,0,11.83798,535,107,539,5
281,27135,1631251,177,video_vp9,simulcast,2,0,28000.0,0.0,0.0,0.0,8.314301,1.8817,1.025504,3.495,27.918,12.214208,0,9.409751,535,125,538,2
281,26150,1399673,178,video_vp9,simulcast,2,1,28000.0,0.0,0.0,0.0,7.353192,1.194017,0.375469,10.556,26.556,30.506924000000023,0,7.761089999999999,406,145,406,6
Unnamed 67,34050,11239551,179,video_vp9,simulcast,2,2,28000.0,23200.0,82.85714285714286,0.0,30.659978,3.535415,0.999688,1.481,27.917,2.4500070000000447,0,31.729969,749,34,749,2
Unnamed 68,17517,574581,18,video_vp9,svc,0,0,27800.0,27800.0,100.0,0.0,0.928841,0.095945,0.402289,0.0,27.823,3.788958999999996,0,1.368245,209,0,209,0
281,14363,296930,180,video_av1,svc,0,0,28001.0,26201.0,93.57165815506589,0.0,8.401625,0.6280399999999999,0.1928099999999999,0.0,17.896,2.582167999999999,0,8.614063,133,0,133,0
Unnamed 69,18463,375599,181,video_av1,svc,0,1,28000.0,26524.0,94.72857142857143,276.0,11.883474,0.4659999999999999,0.3800179999999999,0.276,17.897,1.3658849999999991,0,12.296138,261,0,261,1
Unnamed 70,20737,498626,182,video_av1,svc,0,2,28000.0,19759.0,70.56785714285714,241.0,26.350997,1.082226,0.5777829999999999,3.595,17.727,10.536426999999982,0,26.98586,412,1,413,3
Unnamed 71,18003,658596,183,video_av1,svc,1,0,27995.0,11879.148193359375,42.433106602462495,10120.851806640625,5.099656,0.916666,0.178974,11.051,15.696,34.985766,0,5.30192,117,101,156,6
Unnamed 72,20397,807271,184,video_av1,svc,1,1,28000.0,149.135009765625,0.5326250348772321,9650.864990234375,6.330909999999999,0.794051,0.186474,10.434,14.978,32.822698,0,6.541808,119,170,177,5
Unnamed 73,20356,1028600,185,video_av1,svc,1,2,28000.0,0.0,0.0,0.0,8.207286,0.898094,0.181334,10.178,14.803,31.793313,0,8.411933,120,317,220,5
Unnamed 74,20098,1004475,186,video_av1,svc,2,0,28000.0,0.0,0.0,0.0,2.776537,0.4301919999999999,0.194931,10.207,14.719,31.173921,0,2.994666,127,320,213,5
Unnamed 75,19529,1052713,187,video_av1,svc,2,1,28000.0,0.0,0.0,0.0,3.28879,0.71095,0.2019929999999999,10.554,15.076,33.650092,0,3.517223,127,331,238,5
Unnamed 76,20907,1043077,188,video_av1,svc,2,2,28000.0,0.0,0.0,0.0,3.341884,0.614445,0.252147,13.252,18.105,41.089857,0,3.624164,153,418,239,6
Unnamed 77,16841,454132,189,video_av1,simulcast,0,0,28000.0,22000.0,78.57142857142857,0.0,1.533418,0.693708,0.3897819999999999,0.0,27.387,4.452862999999995,0,1.838091,179,2,181,0
Unnamed 78,24682,703992,19,video_vp9,svc,0,1,27799.0,27799.0,100.0,0.0,1.838405,0.133937,0.726629,0.0,27.811,2.204440999999999,0,2.623753,407,0,407,0
Unnamed 79,24326,744867,190,video_av1,simulcast,0,1,28000.0,24000.0,85.71428571428571,0.0,9.586424,0.046782,0.6831119999999999,0.0,27.719,2.240639000000004,0,10.269352,383,2,385,0
281,27238,850558,191,video_av1,simulcast,0,2,28000.0,8200.0,29.28571428571429,0.0,20.868323,1.179475,1.148142,0.0,27.641,1.440052999999993,0,22.051171,705,2,707,0
Unnamed 80,23305,1076564,192,video_av1,simulcast,1,0,28000.0,11947.8759765625,42.670985630580354,2052.1240234375,13.042329,2.790636,0.947354,2.134,27.207,3.475781000000001,0,13.882686,432,2,435,5
Unnamed 81,25864,1294927,193,video_av1,simulcast,1,1,27999.0,8700.742919921875,31.07519168513831,499.257080078125,19.978667,2.811121,1.171556,1.222,27.228,2.0995260000000027,0,21.088537,522,2,526,5
Unnamed 82,29292,2686441,194,video_av1,simulcast,1,2,28000.0,2600.0,9.285714285714286,0.0,14.937909,0.169235,2.039702,0.0,27.745,1.4829989999999915,0,17.014513,654,1,656,0
Unnamed 83,27214,1715533,195,video_av1,simulcast,2,0,28000.0,0.0,0.0,0.0,33.075529,4.309712,1.613769,0.235,27.444,1.4833959999999895,0,34.657579,677,2,681,1
281,27222,1730097,196,video_av1,simulcast,2,1,28000.0,0.0,0.0,0.0,31.626454,4.198592,1.62298,0.298,27.45,1.5750419999999914,0,33.139258,668,3,673,1
Unnamed 84,27342,1080597,197,video_av1,simulcast,2,2,28001.0,0.0,0.0,0.0,28.040421,2.256348,1.239208,0.0,27.373,1.50400699999999,0,29.24812,674,2,677,0
Unnamed 85,17068,285601,198,video_vp9,svc,0,0,28000.0,2000.0,7.142857142857142,0.0,11.027189,0.296981,0.4353869999999999,0.0,27.859,3.837144999999996,0,11.491098,212,0,212,0
281,24309,354383,199,video_vp9,svc,0,1,28000.0,2000.0,7.142857142857142,0.0,26.244604,0.231713,0.8311529999999999,0.264,27.855,2.116303,0,27.138199,413,0,415,1
Unnamed 86,20026,503930,2,video_av1,svc,0,2,27800.0,26536.0,95.45323741007195,264.0,19.907942,0.8474229999999999,0.697763,0.264,17.83,0.8029700000000001,0,20.674516,513,0,513,1
Unnamed 87,27539,1025720,20,video_vp9,svc,0,2,27800.0,26000.0,93.5251798561151,0.0,10.273127,0.0990149999999999,1.5104259999999998,0.0,27.873,1.1398749999999964,0,11.878299,809,0,809,0
Unnamed 88,28046,1022461,200,video_vp9,svc,0,2,28000.0,27000.0,96.42857142857143,0.0,9.284448,0.0675569999999999,1.49866,0.0,27.903,1.1313229999999967,0,10.881967,813,0,813,0
Unnamed 89,20081,616498,201,video_vp9,svc,1,0,28000.0,0.0,0.0,0.0,4.680346999999999,0.561859,0.3775739999999999,19.466,27.67,60.003414,0,5.081525,113,236,205,7
Unnamed 90,26680,1099802,202,video_vp9,svc,1,1,28000.0,0.0,0.0,0.0,6.534885999999999,0.636981,0.7337779999999999,16.418,26.011,51.687425,0,7.299745,172,394,343,7
Unnamed 91,29442,3945145,203,video_vp9,svc,1,2,28000.0,20198.97802734375,72.13920724051339,1.02197265625,10.555689,0.09584,6.286343,1.035,27.874,2.25812799999999,0,16.953256,754,26,754,1
Unnamed 92,25081,1432659,204,video_vp9,svc,2,0,28000.0,0.0,0.0,0.0,8.920198,0.7387039999999999,0.6086309999999999,17.095,26.127,53.16129099999998,0,9.009569,199,386,315,7
281,34509,6256958,205,video_vp9,svc,2,1,28000.0,155.423095703125,0.5550824846540179,6444.576904296875,2.446096,0.067381,0.8273469999999999,14.527,26.15,39.72183,0,2.479592,83,763,282,9
281,31262,2536914,206,video_vp9,svc,2,2,28000.0,0.0,0.0,0.0,11.712555,0.363685,1.007318,16.291,26.943,32.829787000000074,0,12.372556,247,639,644,12
Unnamed 93,15557,378694,207,video_vp9,simulcast,0,0,28000.0,11598.694091796875,41.42390747070313,9001.305908203125,0.3296159999999999,0.2802139999999999,0.196482,14.344,25.861,43.486763,0,0.5495369999999999,93,61,93,5
Unnamed 94,22953,551853,208,video_vp9,simulcast,0,1,28000.0,11690.43798828125,41.75156424386161,3109.56201171875,0.7664179999999999,0.344165,0.352413,12.484,25.974,39.009240000000005,0,1.150974,182,136,182,5
Unnamed 95,27283,882378,209,video_vp9,simulcast,0,2,28000.0,18000.0,64.28571428571429,0.0,11.434928,0.5748059999999999,1.401692,0.0,27.9,1.253279999999993,0,12.929293,746,1,747,0
Unnamed 96,18802,2216340,21,video_vp9,svc,1,0,27995.0,27000.0,96.44579389176639,0.0,1.6496849999999998,0.116311,2.272473,0.0,27.834,3.795036,0,3.960508,208,0,208,0
Unnamed 97,22175,966044,210,video_vp9,simulcast,1,0,28000.0,4382.451904296875,15.651613943917411,9217.548095703125,3.303371,1.3226019999999998,0.813317,9.373,27.198,30.439972000000004,0,4.177586,416,37,417,3
Unnamed 98,26101,1948992,211,video_vp9,simulcast,1,1,28000.0,23962.0,85.57857142857142,3038.0,3.505952,0.2037729999999999,0.7213569999999999,3.038,27.869,11.438959000000017,0,4.283901,365,39,365,1
Unnamed 99,29986,3188548,212,video_vp9,simulcast,1,2,28000.0,21600.0,77.14285714285715,0.0,9.690134,0.357587,1.407305,3.046,27.882,10.438769999999993,0,11.198497,714,85,714,1
Unnamed 100,23522,4682060,213,video_vp9,simulcast,2,0,28000.0,11098.093994140625,39.63604997907366,8901.906005859375,3.288712,1.306,0.3070469999999999,14.372,27.753,42.29965500000002,0,3.352636,109,143,132,6
Unnamed 101,31141,7054462,214,video_vp9,simulcast,2,1,28000.0,20675.0029296875,73.83929617745537,2924.9970703125,15.220981,2.385666,0.723633,4.12,27.903,12.671007000000005,0,15.997312,346,69,347,2
Unnamed 102,34681,11105656,215,video_vp9,simulcast,2,2,28000.0,20800.0,74.28571428571429,0.0,47.418415,4.097956,1.527039,0.0,27.872,1.730639999999978,0,49.051296,742,1,744,0
Unnamed 103,13902,285180,216,video_av1,svc,0,0,28000.0,26800.0,95.71428571428572,0.0,3.705998,0.856375,0.216965,0.0,17.61,2.477586,0,3.948987,131,0,131,0
Unnamed 104,18288,367076,217,video_av1,svc,0,1,28000.0,23197.884033203125,82.8495858328683,1.115966796875,17.040205,0.8977449999999999,0.393207,0.231,17.763,1.3785149999999984,0,17.477217,255,1,256,1
Unnamed 105,19541,489921,218,video_av1,svc,0,2,27800.0,21600.0,77.6978417266187,0.0,26.357601,0.7535379999999999,0.711739,0.261,17.782,0.8609060000000003,0,27.14193,504,1,505,1
Unnamed 106,18152,672547,219,video_av1,svc,1,0,27989.0,9665.10791015625,34.53180860393815,12934.89208984375,1.985064,0.51685,0.20457,13.414,17.971,42.184091,0,2.217224,131,128,167,6
Unnamed 107,26046,1000699,22,video_vp9,svc,1,1,28000.0,0.0,0.0,0.0,15.967205,0.730657,0.967941,11.44,27.641,34.0304649999999,0,16.978984,269,292,391,5
281,6978,22731,220,video_av1,svc,1,1,28000.0,0.0,0.0,0.0,0.000202,0.000136,0.0018989999999999,0.0,0.0,0.0,0,0.012095,1,0,1,0
Unnamed 108,20443,989110,221,video_av1,svc,1,2,28000.0,0.0,0.0,0.0,2.072203,0.568452,0.194274,10.322,14.865,31.688843,0,2.291055,127,310,209,5
Unnamed 109,19221,964980,222,video_av1,svc,2,0,27800.0,0.0,0.0,0.0,2.13223,0.596507,0.2027689999999999,12.994,17.723,40.920027000000005,0,2.363067,132,427,203,5
Unnamed 110,20470,1063467,223,video_av1,svc,2,1,27995.0,0.0,0.0,0.0,2.405362,0.527593,0.199822,10.569,15.343,33.526157,0,2.632413,129,366,234,5
Unnamed 111,21670,1056503,224,video_av1,svc,2,2,28000.0,0.0,0.0,0.0,5.883609,1.128622,0.1715519999999999,13.519,18.003,42.048961,0,6.077382999999999,118,453,215,6
Unnamed 112,17245,463692,225,video_av1,simulcast,0,0,28000.0,23000.0,82.14285714285714,0.0,1.456575,1.000376,0.38525,0.0,27.263,4.411036999999997,0,1.748805,179,2,182,0
281,22822,570736,226,video_av1,simulcast,0,1,28000.0,11930.138916015625,42.607638985770095,869.861083984375,9.391724,0.884203,0.6218659999999999,1.071,27.297,3.382533000000005,0,9.94169,346,2,350,1
281,27349,869997,227,video_av1,simulcast,0,2,28000.0,9608.0,34.31428571428572,192.0,26.088099,1.1634,1.118387,0.192,27.439,1.3589009999999957,0,27.195643,706,2,710,1
Unnamed 113,23699,1086313,228,video_av1,simulcast,1,0,28000.0,12806.0,45.73571428571429,1194.0,14.954216,2.86286,0.950456,1.194,27.171,3.602311000000003,0,15.852666,440,2,444,2
Unnamed 114,26414,1316408,229,video_av1,simulcast,1,1,28000.0,8305.0,29.660714285714285,295.0,20.655348,3.315966,1.196576,0.295,27.299,1.997023000000002,0,21.794018,525,2,529,1
Unnamed 115,28180,1522554,23,video_vp9,svc,1,2,27800.0,0.0,0.0,0.0,10.823794,0.420836,0.995727,15.592,25.572,49.17629000000009,0,11.862984,257,757,564,5
Unnamed 116,27388,1697685,230,video_av1,simulcast,1,2,28000.0,3600.0,12.857142857142856,0.0,30.821368,3.984507,1.597807,0.565,27.331,1.689066999999991,0,32.378419,661,2,667,2
Unnamed 117,27924,1687576,231,video_av1,simulcast,2,0,27998.0,0.0,0.0,0.0,22.229963,3.301102,1.245552,3.84,27.279,11.342078999999991,0,23.429316,579,2,582,4
Unnamed 118,27649,1709748,232,video_av1,simulcast,2,1,28000.0,0.0,0.0,0.0,37.018426,4.100988,0.588955,0.266,27.361,1.4645909999999882,0,37.525858,689,2,693,1
Unnamed 119,27478,1539158,233,video_av1,simulcast,2,2,27800.0,0.0,0.0,0.0,28.76667,3.598804,1.111563,0.497,27.219,1.7153229999999962,0,29.764429,608,3,614,2
281,17567,588777,234,video_vp9,svc,0,0,28000.0,28000.0,100.0,0.0,0.757177,0.105432,0.396555,0.0,27.984,3.8155619999999977,0,1.191101,209,0,209,0
Unnamed 120,25303,730850,235,video_vp9,svc,0,1,28000.0,28000.0,100.0,0.0,3.431184,0.1014289999999999,0.783735,0.0,27.832,2.006729999999997,0,4.272635999999999,411,0,411,0
Unnamed 121,26583,489939,236,video_vp9,svc,0,2,27999.0,1800.0,6.428801028608165,0.0,16.208838,0.342004,1.518166,0.22,27.604,1.277755999999993,0,17.821901,801,11,813,1
281,20563,861382,237,video_vp9,svc,1,0,28000.0,0.0,0.0,0.0,5.686175,0.42417,0.504586,16.585,25.78,51.506328,0,6.215627,119,201,215,7
Unnamed 122,27986,2876248,238,video_vp9,svc,1,1,27994.0,27000.0,96.44923912266914,0.0,5.307611,0.074902,4.066318,0.0,27.734,2.073258,0,9.428879,410,1,411,0
281,28741,1579377,239,video_vp9,svc,1,2,28000.0,0.0,0.0,0.0,11.33104,0.379737,1.177816,15.7,27.928,48.82741600000009,0,12.558992,304,827,621,6
Unnamed 123,28741,1483690,24,video_vp9,svc,2,0,27800.0,0.0,0.0,0.0,17.857314,0.4735299999999999,1.403388,11.25,26.822,31.53350200000016,0,19.240724,444,541,661,7
Unnamed 124,27658,1797549,240,video_vp9,svc,2,0,28000.0,0.0,0.0,0.0,11.503327,0.562959,0.921907,16.75,27.229,39.02409700000005,0,12.131862,245,440,438,12
Unnamed 125,27805,1787653,241,video_vp9,svc,2,1,27799.0,0.0,0.0,0.0,9.002475,0.3457329999999999,0.8366979999999999,16.768,26.378,46.902930000000055,0,9.86537,211,678,425,7
Unnamed 126,30246,2335305,242,video_vp9,svc,2,2,27800.0,0.0,0.0,0.0,9.646233,0.537277,0.996414,15.583,26.751,38.19967900000007,0,10.307696,249,780,594,10
Unnamed 127,15955,403824,243,video_vp9,simulcast,0,0,28000.0,11951.126953125,42.68259626116072,2848.873046875,0.414593,0.27687,0.209011,14.199,25.952,42.788152,0,0.641838,94,64,94,5
Unnamed 128,25458,662240,244,video_vp9,simulcast,0,1,27990.0,27990.0,100.0,0.0,3.580163,0.080437,0.7226079999999999,0.0,27.885,11.110817000000011,0,4.36081,374,34,374,0
Unnamed 129,27881,887417,245,video_vp9,simulcast,0,2,28000.0,18400.0,65.71428571428571,0.0,9.258699,0.713893,1.3745809999999998,0.0,27.45,1.2017239999999971,0,10.732902,746,1,747,0
Unnamed 130,15881,974829,246,video_vp9,simulcast,1,0,27800.0,337.860107421875,1.2153241274168165,662.139892578125,0.900955,0.62435,0.121122,21.387,26.188,63.372182,0,1.0382019999999998,32,107,32,8
Unnamed 131,26449,1938960,247,video_vp9,simulcast,1,1,27998.0,17459.139892578125,62.35852522529511,5940.860107421875,2.485712,0.183688,0.553586,9.221,27.814,29.89217800000001,0,3.08536,272,128,272,3
Unnamed 132,29131,3022026,248,video_vp9,simulcast,1,2,28000.0,19594.0,69.97857142857143,1006.0,3.337797,0.3492,1.277894,5.345,27.906,14.343486000000029,0,4.689498,652,120,653,3
281,26645,1502969,249,video_vp9,simulcast,2,0,28000.0,0.0,0.0,0.0,14.794925,2.405398,1.085458,3.132,27.953,11.303229000000002,0,15.960196,567,47,568,1
Unnamed 133,32618,4654966,25,video_vp9,svc,2,1,27997.0,0.0,0.0,0.0,12.725513,0.361255,0.650602,13.422,26.777,33.741834999999995,0,11.054685,85,190,408,12
281,25757,1423194,250,video_vp9,simulcast,2,1,27993.0,0.0,0.0,0.0,8.31162,1.4254909999999998,0.8146869999999999,10.15,26.812,30.386626,0,9.186223,418,142,418,6
Unnamed 134,26847,1456695,251,video_vp9,simulcast,2,2,28000.0,0.0,0.0,0.0,9.124107,1.651525,1.034101,3.339,27.916,7.848328000000005,0,10.23192,525,81,530,2
Unnamed 135,14550,292447,252,video_av1,svc,0,0,28000.0,27800.0,99.28571428571429,0.0,3.312518,0.530142,0.2120709999999999,0.0,17.641,2.504463,0,3.550629,131,0,131,0
281,18730,377599,253,video_av1,svc,0,1,28000.0,25200.0,90.0,0.0,22.568863,0.823813,0.4068,0.0,17.982,1.4192699999999976,0,23.001036,258,1,260,0
Unnamed 136,19828,493256,254,video_av1,svc,0,2,27800.0,23937.0,86.10431654676259,263.0,19.070579,0.8873019999999999,0.699861,0.263,17.554,0.8117320000000001,0,19.841457,505,0,505,1
Unnamed 137,18107,646648,255,video_av1,svc,1,0,28000.0,9807.410888671875,35.02646745954241,12792.589111328125,6.215077,0.784608,0.1958079999999999,13.248,17.846,41.373614,0,6.438753999999999,123,126,159,6
Unnamed 138,20254,753911,256,video_av1,svc,1,1,28000.0,12850.219970703125,45.89364275251116,9749.780029296875,7.697294999999999,1.183322,0.1889819999999999,10.247,14.833,32.425977,0,7.910375999999999,123,170,174,5
Unnamed 139,19186,1014286,257,video_av1,svc,1,2,27996.0,0.0,0.0,0.0,3.000778,0.687788,0.205193,10.432,14.933,32.382324999999994,0,3.234026,127,313,212,5
Unnamed 140,6945,30828,258,video_av1,svc,2,0,27998.0,0.0,0.0,0.0,0.0552379999999999,0.054379,0.0121579999999999,0.0,0.127,0.016129,0,0.079911,2,0,2,0
Unnamed 141,20490,1054615,259,video_av1,svc,2,1,28000.0,0.0,0.0,0.0,1.985296,0.54863,0.0752009999999999,13.451,15.304,43.65405,0,2.07557,41,361,135,5
Unnamed 142,33892,8579311,26,video_vp9,svc,2,2,28000.0,0.0,0.0,2800.0,1.284339,0.065526,0.554569,18.945,26.792,58.812168,0,1.702098,48,1721,415,8
Unnamed 143,19938,997108,260,video_av1,svc,2,2,28000.0,0.0,0.0,0.0,5.933222,0.695012,0.167763,10.183,14.781,31.825479,0,6.1237,122,309,214,5
Unnamed 144,17334,457960,261,video_av1,simulcast,0,0,28001.0,20400.0,72.85454090925325,0.0,1.696365,1.054153,0.3805449999999999,0.0,27.176,4.325499999999996,0,1.988074,181,2,183,0
Unnamed 145,23921,579218,262,video_av1,simulcast,0,1,28000.0,12800.0,45.714285714285715,0.0,10.153827,0.8393879999999999,0.644073,0.0,27.403,2.3408530000000023,0,10.729082,361,2,363,0
Unnamed 146,27766,852565,263,video_av1,simulcast,0,2,28000.0,13800.0,49.28571428571429,0.0,14.62394,1.22219,1.123408,0.0,27.504,1.3943499999999938,0,15.740253,712,2,715,0
Unnamed 147,23080,1073305,264,video_av1,simulcast,1,0,28001.0,12196.0,43.55558730045356,1805.0,12.579739,2.542572,0.952026,1.805,27.277,3.4026910000000004,0,13.486849,437,2,439,5
281,26181,1314660,265,video_av1,simulcast,1,1,28000.0,-17.778076171875,-0.06349312918526785,617.778076171875,17.549567,3.38628,1.182886,0.856,27.512,2.1986240000000024,0,18.744622,511,2,514,3
Unnamed 148,27647,1737986,266,video_av1,simulcast,1,2,28000.0,3800.0,13.571428571428571,0.0,29.366514,3.935096,1.648675,0.235,27.439,1.4724189999999908,0,31.00627,691,2,696,1
Unnamed 149,28114,1482866,267,video_av1,simulcast,2,0,28000.0,0.0,0.0,0.0,36.6245,4.141397,1.496265,0.468,27.456,1.5407139999999924,0,38.100584,686,2,691,2
Unnamed 150,27920,1715755,268,video_av1,simulcast,2,1,28000.0,0.0,0.0,0.0,29.237211,3.801546,1.661192,0.44,27.457,1.4977709999999889,0,30.87169,695,2,698,2
Unnamed 151,27202,1703482,269,video_av1,simulcast,2,2,28000.0,0.0,0.0,0.0,31.834075,4.009246,1.606047,0.41,27.364,1.4660139999999908,0,33.392685,687,2,690,2
Unnamed 152,15384,373701,27,video_vp9,simulcast,0,0,28000.0,11818.068115234375,42.207386125837054,8981.931884765625,0.4370389999999999,0.2691489999999999,0.1990279999999999,14.251,25.935,43.08293499999999,0,0.659478,94,56,94,5
281,17522,315968,270,video_vp9,svc,0,0,28000.0,2000.0,7.142857142857142,0.0,10.359918,0.2489769999999999,0.416356,0.0,27.86,3.8143860000000007,0,10.813857,211,0,212,0
281,25966,709480,271,video_vp9,svc,0,1,28000.0,26140.5458984375,93.35909249441964,859.4541015625,3.493139,0.0837759999999999,0.776269,1.06,27.987,3.059413,0,4.327957,398,0,398,1
281,28010,1021237,272,video_vp9,svc,0,2,28000.0,26800.0,95.71428571428572,0.0,8.772948999999999,0.10135,1.494284,0.0,27.922,1.164075999999997,0,10.366679,815,0,815,0
281,20282,657637,273,video_vp9,svc,1,0,28000.0,0.0,0.0,0.0,5.938013,0.303536,0.385007,16.283,25.293,50.861613000000006,0,6.349088999999999,116,208,219,6
Unnamed 153,26343,800089,274,video_vp9,svc,1,1,28000.0,0.0,0.0,0.0,4.956859,0.244554,0.465607,15.832,25.064,51.083020000000005,0,5.451763,144,409,330,5
Unnamed 154,28266,1417931,275,video_vp9,svc,1,2,28000.0,0.0,0.0,0.0,23.187044,0.469561,1.450891,11.041,27.892,32.49130000000012,0,24.710687,464,589,705,5
Unnamed 155,25763,1477154,276,video_vp9,svc,2,0,28000.0,0.0,0.0,0.0,6.486,0.612606,0.577859,14.932,26.783,48.055008999999984,0,6.838887,199,376,322,8
Unnamed 156,34481,6316121,277,video_vp9,svc,2,1,28000.0,314.31591796875,1.1225568498883929,6485.68408203125,1.990974,0.0626429999999999,0.569959,16.629,27.046,48.190654,0,1.910165,55,837,260,9
279,30269,2410459,278,video_vp9,svc,2,2,27800.0,0.0,0.0,0.0,11.24457,0.332679,0.999181,15.672,27.707,38.68834700000008,0,12.156184,251,701,605,10
Unnamed 157,17341,498490,279,video_vp9,simulcast,0,0,28000.0,28000.0,100.0,0.0,0.558534,0.059104,0.3711319999999999,0.0,27.816,12.77985799999998,0,0.964767,186,18,186,0
Unnamed 158,22707,567107,28,video_vp9,simulcast,0,1,28000.0,12150.990966796875,43.39639630998884,2849.009033203125,1.538868,0.302651,0.3600899999999999,12.252,26.183,39.90753499999999,0,1.932588,183,137,183,4
281,22293,562922,280,video_vp9,simulcast,0,1,28000.0,10494.72802734375,37.48117152622768,2905.27197265625,0.99613,0.357454,0.36739,12.272,26.122,39.37152,0,1.39561,181,133,181,4
281,27698,897927,281,video_vp9,simulcast,0,2,27998.0,15998.0,57.13979569969283,0.0,10.99572,0.80577,1.406069,0.0,27.937,1.238662999999994,0,12.494868,756,0,756,0
281,22740,979397,282,video_vp9,simulcast,1,0,28000.0,3609.614990234375,12.89148210797991,9990.385009765625,6.263059,1.308248,0.7815219999999999,10.112,26.582,30.540796000000004,0,7.096621,404,44,405,5
281,24661,1194929,283,video_vp9,simulcast,1,1,28000.0,2949.51611328125,10.533986118861607,6850.48388671875,4.941347,1.109836,0.801402,10.193,26.645,30.97741700000001,0,5.804071,423,83,424,4
281,26589,1439115,284,video_vp9,simulcast,1,2,28000.0,0.0,0.0,0.0,5.125433999999999,1.139459,0.812955,11.259,26.743,26.50824300000001,0,5.995089999999999,412,157,412,9
Unnamed 159,22824,4915743,285,video_vp9,simulcast,2,0,28000.0,12589.2080078125,44.961457170758926,5810.7919921875,2.917191,1.426149,0.286051,12.397,27.718,41.15103800000002,0,3.228866,118,101,118,4
281,27357,1563472,286,video_vp9,simulcast,2,1,28000.0,0.0,0.0,0.0,7.421817,1.886093,0.489222,3.18,27.91,11.928566000000009,0,7.956148,544,88,546,1
281,34121,10876095,287,video_vp9,simulcast,2,2,28000.0,21800.0,77.85714285714286,0.0,39.602328,3.726724,1.384094,0.0,28.05,1.7951859999999724,0,41.072216,761,9,762,0
Unnamed 160,14422,289100,288,video_av1,svc,0,0,28000.0,27800.0,99.28571428571429,0.0,4.745216999999999,0.671982,0.2039669999999999,0.0,17.734,2.501148,0,4.967861999999999,132,0,132,0
Unnamed 161,18545,362969,289,video_av1,svc,0,1,28000.0,25727.0,91.88214285714285,273.0,14.38064,1.10851,0.3982799999999999,0.273,17.712,1.3773459999999993,0,14.821362,259,0,259,1
Unnamed 162,27919,1027456,29,video_vp9,simulcast,0,2,28001.0,27001.0,96.42869897503661,0.0,6.389713,0.068572,1.38455,0.0,27.899,10.31620700000003,0,7.868823,743,68,743,0
Unnamed 163,19816,494094,290,video_av1,svc,0,2,28000.0,20400.0,72.85714285714285,0.0,27.438095,0.857524,0.7076669999999999,0.243,17.76,0.8473200000000009,0,28.218982,500,1,501,1
Unnamed 164,17957,639123,291,video_av1,svc,1,0,28000.0,12096.259033203125,43.20092511858259,10103.740966796875,6.072423,0.895046,0.1878189999999999,10.772,15.596,34.825174,0,6.286376,117,99,153,5
Unnamed 165,20449,839597,292,video_av1,svc,1,1,28000.0,32.31494140625,0.11541050502232143,12967.68505859375,5.547063,0.688489,0.197681,13.675,18.261,44.028089,0,5.772586,123,244,185,6
Unnamed 166,18814,965068,293,video_av1,svc,1,2,28000.0,0.0,0.0,0.0,7.046246999999999,0.942275,0.196459,10.063,14.561,30.779561,0,7.269328,123,225,191,5
Unnamed 167,20401,956454,294,video_av1,svc,2,0,27800.0,0.0,0.0,0.0,2.857042,0.687584,0.190826,10.723,15.295,35.325647000000004,0,3.072808,127,237,198,5
Unnamed 168,20430,992000,295,video_av1,svc,2,1,28000.0,0.0,0.0,0.0,2.886987,0.628937,0.196715,13.25,17.854,41.14392,0,3.107776,126,437,209,6
Unnamed 169,20005,1018665,296,video_av1,svc,2,2,28000.0,0.0,0.0,0.0,4.898536,0.813952,0.2243079999999999,13.218,18.073,40.990897,0,5.151625999999999,127,409,211,6
Unnamed 170,16658,453110,297,video_av1,simulcast,0,0,28000.0,22200.0,79.28571428571428,0.0,0.917168,0.4872269999999999,0.389989,0.0,27.186,4.273292,0,1.224706,181,2,183,0
Unnamed 171,23578,572686,298,video_av1,simulcast,0,1,27999.0,15000.0,53.57334190506804,0.0,9.661563,0.978207,0.61812,0.258,27.439,2.4452450000000017,0,10.198664,356,2,358,1
Unnamed 172,27333,855514,299,video_av1,simulcast,0,2,28000.0,4800.0,17.142857142857142,0.0,17.795961,1.384651,1.163347,0.0,27.354,1.3173579999999934,0,18.939352,714,2,716,0
279,18430,656040,3,video_av1,svc,1,0,27800.0,9591.60009765625,34.50215862466277,12808.39990234375,2.165215,0.8308329999999999,0.191583,13.407,17.911,41.622063,0,2.380905,132,123,164,6
Unnamed 173,22569,954877,30,video_vp9,simulcast,1,0,28000.0,4605.0,16.44642857142857,9395.0,3.560311,1.056405,0.772203,9.395,26.567,30.532355000000003,0,4.390454,412,40,413,3
Unnamed 174,23199,1073082,300,video_av1,simulcast,1,0,28001.0,11805.0,42.15920859969287,1395.0,16.070548,2.853438,0.929119,1.395,27.317,3.424173,0,16.954029,444,2,447,3
Unnamed 175,25797,1283156,301,video_av1,simulcast,1,1,28000.0,3598.615966796875,12.85219988141741,601.384033203125,24.69647,3.430443,1.145858,0.802,27.285,2.3247970000000038,0,25.703667,498,4,506,3
Unnamed 176,27649,1703936,302,video_av1,simulcast,1,2,27998.0,8400.0,30.002143010215015,0.0,29.617092,4.030627,1.573871,0.209,27.376,1.50291599999999,0,31.167422,681,2,683,1
Unnamed 177,27306,1701712,303,video_av1,simulcast,2,0,28001.0,0.0,0.0,0.0,33.458472,4.010727,1.634804,0.436,27.445,1.5346089999999897,0,35.079089,684,2,686,2
281,27237,1729618,304,video_av1,simulcast,2,1,28000.0,0.0,0.0,0.0,35.904667,3.940748,1.620156,0.506,27.457,1.4722689999999905,0,37.503282,687,2,692,2
Unnamed 178,27683,1723753,305,video_av1,simulcast,2,2,28000.0,0.0,0.0,0.0,32.110181,4.02893,1.59629,0.686,27.434,1.540025999999989,0,33.672702,687,2,691,3
281,17473,295648,306,video_vp9,svc,0,0,28000.0,2000.0,7.142857142857142,0.0,13.390001,0.2559329999999999,0.452113,0.0,27.83,3.848843999999998,0,13.881477,212,0,213,0
Unnamed 179,24354,383828,307,video_vp9,svc,0,1,27995.0,1800.0,6.429719592784426,0.0,19.909598,0.364793,0.777014,0.221,27.533,2.0124510000000004,0,20.682485,411,0,412,1
Unnamed 180,26823,541657,308,video_vp9,svc,0,2,27800.0,1000.0,3.597122302158273,0.0,16.485685999999998,0.255704,1.553768,0.223,27.662,1.2778019999999937,0,18.138365,805,8,813,1
Unnamed 181,20073,2222916,309,video_vp9,svc,1,0,28000.0,27000.0,96.42857142857143,0.0,1.536122,0.068774,2.442019,0.0,27.893,3.793783,0,4.01673,209,0,209,0
Unnamed 182,25522,1202612,31,video_vp9,simulcast,1,1,28000.0,2604.91796875,9.30327845982143,3595.08203125,6.724470999999999,1.281662,0.8275619999999999,9.975,26.099,30.555775000000004,0,7.612203,418,91,418,4
Unnamed 183,26401,1006132,310,video_vp9,svc,1,1,28000.0,0.0,0.0,0.0,25.166258,0.189383,1.028946,11.144,27.706,33.93029799999991,0,26.237566,276,279,391,5
Unnamed 184,30957,4082320,311,video_vp9,svc,1,2,28001.0,24000.0,85.71122459912146,0.0,11.107375,0.091596,6.391607,0.0,27.903,1.3958929999999958,0,17.612168999999998,781,31,782,0
281,25523,1406823,312,video_vp9,svc,2,0,28001.0,0.0,0.0,0.0,8.330433,0.385281,0.531888,16.481,26.846,55.16417799999998,0,8.526024999999999,191,376,313,7
281,29334,1705688,313,video_vp9,svc,2,1,28000.0,0.0,0.0,0.0,8.403844,0.378648,0.541917,14.339,27.653,48.43206299999997,0,8.359021,200,535,357,8
Unnamed 185,35748,8354762,314,video_vp9,svc,2,2,28000.0,0.0,0.0,800.0,3.842054,0.15017,0.801547,11.202,27.03,32.6021,0,3.814024,67,1370,438,8
Unnamed 186,15761,389461,315,video_vp9,simulcast,0,0,28000.0,11834.12109375,42.264718191964285,8965.87890625,0.502348,0.284649,0.193187,14.559,26.125,44.382541,0,0.716285,93,62,93,5
281,23457,577766,316,video_vp9,simulcast,0,1,28000.0,11914.208984375,42.550746372767854,3085.791015625,1.218651,0.391712,0.361792,12.502,25.874,40.485852,0,1.614818,180,142,180,5
279,27274,887343,317,video_vp9,simulcast,0,2,28000.0,18200.0,65.0,0.0,12.3579,0.5948869999999999,1.41134,0.0,27.838,1.2593899999999951,0,13.863245,747,1,747,0
281,22614,975142,318,video_vp9,simulcast,1,0,28000.0,3168.18994140625,11.314964076450892,10431.81005859375,8.413026,1.211089,0.7592629999999999,10.606,26.139,31.569301,0,9.227866,391,46,391,4
Unnamed 187,24878,1177468,319,video_vp9,simulcast,1,1,27995.0,3618.10302734375,12.924104402013754,9179.89697265625,8.749926,1.46531,0.855352,9.381,26.906,30.25102400000003,0,9.670984,437,69,439,3
Unnamed 188,27048,1557438,32,video_vp9,simulcast,1,2,28000.0,3040.06005859375,10.857357352120536,3559.93994140625,10.226214,1.7861,1.142845,4.71,27.923,12.496131000000007,0,11.453304,584,51,585,3
Unnamed 189,29753,3171443,320,video_vp9,simulcast,1,2,28000.0,22800.0,81.42857142857143,0.0,8.166642999999999,0.2333609999999999,1.363007,3.048,27.896,10.440054000000016,0,9.620449,719,84,719,1
Unnamed 190,26878,1520380,321,video_vp9,simulcast,2,0,28000.0,0.0,0.0,0.0,8.57221,2.010831,1.0345689999999998,7.437,27.888,21.98210400000008,0,9.652807,517,101,519,3
Unnamed 191,27318,1565341,322,video_vp9,simulcast,2,1,28000.0,0.0,0.0,0.0,18.083802,2.317719,0.995551,7.26,27.896,22.031862000000054,0,19.153888,509,131,512,4
281,35915,10363437,323,video_vp9,simulcast,2,2,28001.0,19600.0,69.99750008928252,0.0,30.027011,3.156576,1.52327,0.0,27.976,1.717347999999979,0,31.614158,723,1,724,0
Unnamed 192,16063,308143,324,video_av1,svc,0,0,28000.0,23800.0,85.0,0.0,1.514877,0.911367,0.1779909999999999,3.064,17.837,11.535631,0,1.715506,110,0,110,1
Unnamed 193,18376,366634,325,video_av1,svc,0,1,28000.0,25400.0,90.71428571428571,0.0,15.888861,0.692581,0.391354,0.0,17.719,1.3758909999999998,0,16.322114,255,1,256,0
Unnamed 194,19801,489532,326,video_av1,svc,0,2,28001.0,26541.0,94.78590050355345,259.0,36.136006,1.088199,0.6834279999999999,0.459,17.61,0.832958,0,36.887725,506,0,506,2
Unnamed 195,18058,651605,327,video_av1,svc,1,0,28000.0,12761.660888671875,45.577360316685265,9838.339111328125,6.941741,0.718637,0.1952529999999999,10.422,14.95,32.734812,0,7.163933999999999,119,91,154,5
281,20302,799244,328,video_av1,svc,1,1,28000.0,52.912841796875,0.18897443498883928,3147.087158203125,5.212119,0.720749,0.1776579999999999,10.521,15.465,33.505953000000005,0,5.347373999999999,119,185,182,5
281,20796,991795,329,video_av1,svc,1,2,27999.0,0.0,0.0,0.0,3.148121,0.810599,0.1959159999999999,10.157,14.997,31.662441,0,3.370192,130,314,217,5
Unnamed 196,26663,1467535,33,video_vp9,simulcast,2,0,27800.0,0.0,0.0,0.0,6.514065,1.316086,0.970401,6.229,26.21,20.43495000000004,0,7.555311,501,66,501,2
Unnamed 197,19546,1044443,330,video_av1,svc,2,0,27999.0,0.0,0.0,0.0,4.613852,0.540835,0.211061,10.494,15.577,33.814197,0,4.852395,133,352,225,5
Unnamed 198,19659,1006931,331,video_av1,svc,2,1,28000.0,0.0,0.0,0.0,5.473374,0.7776139999999999,0.196543,13.226,17.878,40.959652,0,5.695627,125,428,213,6
Unnamed 199,19850,1001890,332,video_av1,svc,2,2,27800.0,0.0,0.0,0.0,3.957158,0.692484,0.2072949999999999,13.353,17.942,41.977912,0,4.191845,130,445,214,6
Unnamed 200,17337,468607,333,video_av1,simulcast,0,0,27996.0,24200.0,86.44092013144736,0.0,1.122856,0.7384999999999999,0.381697,0.0,27.205,4.342625000000001,0,1.3872369999999998,181,2,184,0
Unnamed 201,24000,578154,334,video_av1,simulcast,0,1,28000.0,16600.0,59.285714285714285,0.0,9.038963,1.093981,0.6429849999999999,0.0,27.304,2.384432000000002,0,9.616403,357,2,359,0
Unnamed 202,27383,858717,335,video_av1,simulcast,0,2,28000.0,10000.0,35.714285714285715,0.0,17.43664,1.383053,1.123835,0.0,27.312,1.3833719999999938,0,18.545416,707,2,711,0
Unnamed 203,22714,1064205,336,video_av1,simulcast,1,0,27800.0,11217.0,40.34892086330935,1382.0,14.186832,2.762941,0.925019,1.382,27.127,3.499649,0,15.025098,432,2,435,3
Unnamed 204,26394,1337214,337,video_av1,simulcast,1,1,27998.0,4343.6640625,15.514194094221015,656.3359375,24.37461,3.542901,1.225182,0.657,27.446,2.054938000000003,0,25.556967,525,2,529,3
Unnamed 205,26836,1706289,338,video_av1,simulcast,1,2,28000.0,7800.0,27.857142857142858,0.0,33.057368,3.524351,1.559333,0.0,27.36,1.5268339999999905,0,34.594923,680,2,682,0
Unnamed 206,26684,1588564,339,video_av1,simulcast,2,0,28000.0,0.0,0.0,0.0,22.218227,3.381478,0.927202,1.502,27.354,2.562492000000025,0,23.09663,646,2,650,3
Unnamed 207,27227,1263261,34,video_vp9,simulcast,2,1,28000.0,0.0,0.0,0.0,12.158374,1.432322,1.174437,4.566,27.914,11.862584000000007,0,13.406337,597,47,598,5
279,27382,1628532,340,video_av1,simulcast,2,1,27800.0,0.0,0.0,0.0,26.8843,3.651442,0.462671,0.0,27.518,1.6155999999999904,0,27.32656,660,2,662,0
Unnamed 208,26961,1642843,341,video_av1,simulcast,2,2,27800.0,0.0,0.0,0.0,31.368212,3.974106,1.354125,0.505,27.419,1.680206999999993,0,32.678293,640,3,644,2
281,17486,287637,342,video_vp9,svc,0,0,28000.0,2000.0,7.142857142857142,0.0,10.336239,0.228399,0.4159879999999999,0.0,27.815,3.824586999999999,0,10.789754,211,0,212,0
Unnamed 209,24747,386953,343,video_vp9,svc,0,1,27997.0,1800.0,6.429260277886916,0.0,18.291896,0.4409059999999999,0.798453,0.231,27.601,2.022257000000001,0,19.152144,412,0,413,1
281,26647,505419,344,video_vp9,svc,0,2,28001.0,1001.0,3.5748723259883577,0.0,21.11243,0.1528769999999999,1.569026,0.0,27.932,1.2995439999999931,0,22.779122,812,6,818,0
281,23340,762385,345,video_vp9,svc,1,0,28001.0,0.0,0.0,0.0,32.071257,0.285655,0.720407,9.932,27.861,32.70918899999983,0,32.843133,343,182,476,4
Unnamed 210,26567,787016,346,video_vp9,svc,1,1,27998.0,0.0,0.0,0.0,5.242910999999999,0.4021619999999999,0.443885,15.762,25.166,50.68254600000002,0,5.715108,145,402,316,5
281,28273,1423156,347,video_vp9,svc,1,2,28001.0,0.0,0.0,0.0,21.391088,0.430506,1.358326,11.135,27.887,32.582491000000125,0,22.819437,471,574,705,5
281,27101,1787979,348,video_vp9,svc,2,0,28000.0,0.0,0.0,0.0,12.169413,0.585683,1.030554,17.161,27.054,38.31194800000007,0,12.743873,256,425,444,12
281,33649,6159751,349,video_vp9,svc,2,1,28000.0,-51.94091796875,-0.18550327845982142,6451.94091796875,1.567944,0.071862,0.7744099999999999,16.01,27.168,52.155048000000015,0,2.117961,74,871,281,7
Unnamed 211,36467,10958467,35,video_vp9,simulcast,2,2,27995.0,22800.0,81.44311484193607,0.0,23.964415,3.164688,1.622748,0.0,27.89,1.4777079999999865,0,25.697046,789,1,791,0
281,29090,1754592,350,video_vp9,svc,2,2,28000.0,0.0,0.0,0.0,21.496367,0.369913,1.244498,14.421,27.906,61.138318000000034,0,22.700534,362,721,519,6
281,16372,395457,351,video_vp9,simulcast,0,0,28000.0,11857.91796875,42.34970703125,5942.08203125,0.515366,0.3771299999999999,0.1910579999999999,14.312,26.139,43.360029,0,0.729487,94,67,94,5
Unnamed 212,24834,626053,352,video_vp9,simulcast,0,1,28000.0,24128.402099609375,86.17286464146206,2871.597900390625,2.927139,0.061796,0.638481,3.072,27.886,20.452738000000256,0,3.616689,326,74,326,1
Unnamed 213,27367,891645,353,video_vp9,simulcast,0,2,28000.0,16400.0,58.57142857142858,0.0,15.761336,0.894855,1.428353,0.0,27.916,1.2342299999999942,0,17.282806,759,0,759,0
Unnamed 214,18056,1335686,354,video_vp9,simulcast,1,0,28000.0,17343.992919921875,61.94283185686385,5856.007080078125,0.5929679999999999,0.15414,0.301257,9.135,27.812,30.77789999999999,0,0.92046,140,62,140,3
Unnamed 215,26060,1910858,355,video_vp9,simulcast,1,1,27990.0,10487.370849609375,37.468277419111736,6712.629150390625,1.7946419999999998,0.097261,0.429731,14.16,26.456,40.50043800000001,0,2.258783,183,184,184,6
281,26224,1372102,356,video_vp9,simulcast,1,2,28000.0,2993.0,10.689285714285713,207.0,12.706862,2.144422,1.076931,0.207,26.429,1.732884999999998,0,13.862159,553,3,555,1
281,27393,1590569,357,video_vp9,simulcast,2,0,28000.0,0.0,0.0,0.0,10.633004,2.336089,1.104455,6.518,27.925,12.622654999999996,0,11.815109,556,92,559,9
281,27054,1527304,358,video_vp9,simulcast,2,1,28000.0,0.0,0.0,0.0,11.672981,2.074416,1.095433,3.862,27.906,11.36768000000002,0,12.848743,574,39,578,4
Unnamed 216,26052,1304215,359,video_vp9,simulcast,2,2,27997.0,0.0,0.0,0.0,9.643769,1.932574,1.0312599999999998,3.741,27.671,11.589017000000023,0,10.747821,521,37,522,3
Unnamed 217,14326,287902,36,video_av1,svc,0,0,28000.0,26800.0,95.71428571428572,0.0,3.608175,0.55079,0.2226689999999999,0.0,17.695,2.5277349999999994,0,3.858735,131,0,131,0
Unnamed 218,18824,381339,37,video_av1,svc,0,1,27995.0,23800.0,85.01518128237186,0.0,19.372425,0.826353,0.4004319999999999,0.0,17.748,1.3299799999999982,0,19.816022,264,0,264,0
Unnamed 219,19522,509180,38,video_av1,svc,0,2,28000.0,26541.0,94.78928571428571,259.0,23.196505,0.945119,0.6837829999999999,0.259,17.922,0.8545360000000009,0,23.949061,506,0,506,1
Unnamed 220,17990,648036,39,video_av1,svc,1,0,28000.0,12950.6328125,46.25226004464286,9649.3671875,1.980784,0.4529849999999999,0.176869,10.162,14.825,31.435997,0,2.182341,132,92,166,5
Unnamed 221,19622,767668,4,video_av1,svc,1,1,27800.0,3.06103515625,0.011010917828237411,3196.93896484375,5.279211,0.8415039999999999,0.180698,10.574,15.416,33.904689999999995,0,5.486208,115,186,169,5
Unnamed 222,20217,782434,40,video_av1,svc,1,1,28000.0,137.93408203125,0.4926217215401786,6662.06591796875,7.492147999999999,0.960911,0.1999659999999999,10.667,15.234,32.740148,0,7.719708,124,172,177,6
Unnamed 223,19887,990230,41,video_av1,svc,1,2,27797.0,0.0,0.0,0.0,4.085418,1.033595,0.23349,13.219,17.788,40.934866,0,4.349404,146,430,222,6
Unnamed 224,19987,987145,42,video_av1,svc,2,0,28000.0,0.0,0.0,0.0,6.10328,0.8128829999999999,0.1971389999999999,13.303,18.03,43.143004,0,6.32709,125,431,209,5
279,6813,42147,43,video_av1,svc,2,1,27800.0,0.0,0.0,0.0,0.154044,0.140732,0.004494,0.0,0.248,0.0615039999999999,0,0.1680549999999999,2,0,2,0
Unnamed 225,21116,900404,44,video_av1,svc,2,2,27999.0,0.0,0.0,0.0,2.352472,1.010636,0.1989129999999999,10.305,14.814,31.750382,0,2.579494,128,326,257,5
Unnamed 226,18600,468544,45,video_av1,simulcast,0,0,28000.0,17000.0,60.71428571428571,0.0,1.159628,0.840648,0.340559,3.025,27.28,13.247383999999998,0,1.409756,157,2,159,1
Unnamed 227,23838,580686,46,video_av1,simulcast,0,1,28000.0,15600.0,55.714285714285715,0.0,6.903715,0.945111,0.626216,0.0,27.22,2.3278,0,7.470609,357,2,360,0
Unnamed 228,27404,853629,47,video_av1,simulcast,0,2,28000.0,14000.0,50.0,0.0,15.498634,1.3239729999999998,1.145738,0.0,27.425,1.3865929999999944,0,16.621161999999998,709,2,711,0
Unnamed 229,23206,1082671,48,video_av1,simulcast,1,0,28001.0,12718.0,45.419806435484446,1282.0,11.740124,2.717537,0.949756,1.512,27.225,3.319193,0,12.631184,441,2,443,4
Unnamed 230,25607,1335098,49,video_av1,simulcast,1,1,28000.0,12551.0,44.824999999999996,249.0,16.563513,3.061842,1.211694,0.249,27.279,2.0677350000000017,0,17.724006,516,2,519,1
Unnamed 231,20904,1012474,5,video_av1,svc,1,2,27800.0,0.0,0.0,0.0,5.211815,0.739933,0.165261,13.282,17.853,41.33186499999999,0,5.399484999999999,123,451,219,6
Unnamed 232,27147,1704232,50,video_av1,simulcast,1,2,28000.0,5200.0,18.571428571428573,0.0,30.42515,4.282305,1.642058,0.218,27.441,1.5369669999999909,0,32.027679,687,2,690,1
Unnamed 233,27553,1707556,51,video_av1,simulcast,2,0,28000.0,0.0,0.0,0.0,24.509678,3.38279,1.561203,0.0,27.473,1.5689589999999916,0,26.038364,678,3,683,0
281,27823,1705145,52,video_av1,simulcast,2,1,28000.0,0.0,0.0,0.0,30.969012,3.696732,1.633529,0.235,27.532,1.4875039999999924,0,32.592123,690,2,694,1
Unnamed 234,27280,1529359,53,video_av1,simulcast,2,2,28000.0,0.0,0.0,0.0,22.863886,3.740346,1.41872,0.266,27.42,1.7423539999999975,0,24.246132,606,2,608,1
Unnamed 235,17365,304073,54,video_vp9,svc,0,0,28000.0,1800.0,6.428571428571428,0.0,6.627333999999999,0.26813,0.424994,0.0,27.666,3.789379999999997,0,7.088601,210,0,210,0
Unnamed 236,24095,381320,55,video_vp9,svc,0,1,28000.0,1600.0,5.714285714285714,0.0,20.00526,0.341119,0.797604,0.223,27.727,2.031803000000001,0,20.862992,414,1,414,1
281,25816,492773,56,video_vp9,svc,0,2,28001.0,1001.0,3.5748723259883577,0.0,19.386118,0.290001,1.570387,0.0,27.956,1.2953239999999928,0,21.051109,811,7,817,0
Unnamed 237,19590,2223183,57,video_vp9,svc,1,0,28000.0,27000.0,96.42857142857143,0.0,1.59495,0.0967229999999999,2.373995,0.0,27.833,3.799750999999999,0,3.99945,209,0,209,0
281,27076,1001756,58,video_vp9,svc,1,1,28000.0,0.0,0.0,0.0,11.865809,0.396371,0.969108,11.482,27.909,33.61903699999992,0,12.880999,269,289,384,6
Unnamed 238,31039,4098653,59,video_vp9,svc,1,2,28000.0,24400.0,87.14285714285714,0.0,9.794352,0.0794189999999999,6.522619,0.0,27.881,1.353304999999997,0,16.433383,785,26,787,0
Unnamed 239,19912,1035451,6,video_av1,svc,2,0,27799.0,0.0,0.0,0.0,1.80633,0.5193639999999999,0.197238,13.483,18.009,41.960581,0,2.026309,127,455,225,6
281,25346,4919410,60,video_vp9,svc,2,0,28000.0,1395.737060546875,4.984775216238839,15804.262939453125,1.145676,0.069962,0.45815,22.235,27.887,66.98365299999999,0,1.461213,43,505,217,9
Unnamed 240,34956,6186361,61,video_vp9,svc,2,1,28000.0,178.297119140625,0.6367754255022322,4421.702880859375,1.709172,0.060471,0.5822849999999999,13.268,25.873,40.275423,0,1.884843,55,762,266,8
Unnamed 241,33830,8564683,62,video_vp9,svc,2,2,28000.0,0.0,0.0,800.0,1.763383,0.064648,0.850785,16.194,27.253,46.243577,0,2.335463,86,1610,401,9
281,15888,396019,63,video_vp9,simulcast,0,0,28000.0,12091.033935546875,43.182264055524556,5908.966064453125,0.3305019999999999,0.185912,0.194299,14.339,26.678,43.649922,0,0.538334,96,66,96,5
279,21868,543386,64,video_vp9,simulcast,0,1,27800.0,12092.635009765625,43.49868708548786,2907.364990234375,1.501976,0.312471,0.352186,12.284,26.221,40.394231,0,1.888073,180,122,180,4
Unnamed 242,27927,1008337,65,video_vp9,simulcast,0,2,28000.0,26000.0,92.85714285714286,0.0,6.465796,0.06285,1.3581919999999998,0.0,27.888,10.497073999999968,0,7.907354,729,82,731,0
281,22179,900323,66,video_vp9,simulcast,1,0,28000.0,4410.385986328125,15.751378522600445,9189.614013671875,6.289342,1.254333,0.7884519999999999,9.346,26.418,30.405276,0,7.137360999999999,400,34,400,3
Unnamed 243,26034,1883343,67,video_vp9,simulcast,1,1,27999.0,9642.304931640625,34.43803325704713,6957.695068359375,1.741497,0.09101,0.34874,16.345,27.857,49.22919300000001,0,2.119831,170,209,170,6
281,27042,1403966,68,video_vp9,simulcast,1,2,28000.0,0.0,0.0,0.0,7.824656,1.776235,0.890253,9.589,28.018,24.548504000000023,0,8.781445999999999,451,125,455,7
281,26885,1472566,69,video_vp9,simulcast,2,0,28000.0,0.0,0.0,0.0,11.240165,1.890461,1.107945,3.358,27.909,11.337221000000005,0,12.427872,562,36,564,2
Unnamed 244,21167,982429,7,video_av1,svc,2,1,27800.0,0.0,0.0,0.0,1.616951,0.624761,0.191693,10.091,14.718,31.13781,0,1.83354,130,308,211,5
281,26845,1439357,70,video_vp9,simulcast,2,1,28000.0,0.0,0.0,0.0,5.159637,1.056514,0.7539509999999999,9.663,26.175,25.257051,0,5.974304,415,141,415,7
Unnamed 245,32751,11270040,71,video_vp9,simulcast,2,2,28000.0,22800.0,81.42857142857143,0.0,35.07644,4.064692,0.622753,0.0,27.912,1.5899939999999828,0,35.746891,767,1,768,0
Unnamed 246,14741,301064,72,video_av1,svc,0,0,28000.0,26000.0,92.85714285714286,0.0,7.352474,0.8311959999999999,0.198937,0.0,17.89,2.56686,0,7.579756,132,0,132,0
Unnamed 247,6888,30751,73,video_av1,svc,0,1,28000.0,28000.0,100.0,0.0,0.06555,0.0587559999999999,0.01239,0.0,0.146,0.0213159999999999,0,0.091001,2,0,2,0
Unnamed 248,19250,515444,74,video_av1,svc,0,2,27999.0,23921.552978515625,85.43716910788109,478.447021484375,49.723902,1.212449,0.7045929999999999,0.679,17.782,0.9323360000000004,0,50.500116,502,1,503,3
Unnamed 249,18169,640035,75,video_av1,svc,1,0,28000.0,12883.247802734375,46.01159929547991,9716.752197265625,5.823547,0.7334309999999999,0.1906139999999999,10.204,14.803,31.997355,0,6.041008,122,91,156,5
Unnamed 250,20201,777132,76,video_av1,svc,1,1,28000.0,40.35302734375,0.14411795479910713,6559.64697265625,5.240584,0.883648,0.183188,10.742,15.57,34.615066,0,5.449803999999999,120,188,175,5
Unnamed 251,20178,986066,77,video_av1,svc,1,2,28000.0,0.0,0.0,0.0,6.311736,0.740989,0.1899819999999999,10.071,14.671,31.193327000000007,0,6.527803,122,311,203,5
Unnamed 252,19237,994249,78,video_av1,svc,2,0,28000.0,0.0,0.0,0.0,2.371102,0.50871,0.2063229999999999,13.003,17.739,41.332659,0,2.605902,131,443,218,5
Unnamed 253,20379,977967,79,video_av1,svc,2,1,27997.0,0.0,0.0,0.0,3.991091,0.6581629999999999,0.1936689999999999,10.525,15.033,33.023965000000004,0,4.210016,127,283,208,5
279,20501,1043418,8,video_av1,svc,2,2,27800.0,0.0,0.0,0.0,2.954493,0.555273,0.20723,10.65,15.628,33.593742000000006,0,3.189733,130,352,216,6
Unnamed 254,20078,1037156,80,video_av1,svc,2,2,28000.0,0.0,0.0,0.0,6.770207,0.871904,0.2133239999999999,13.224,18.035,41.079089,0,7.008824,127,434,218,6
Unnamed 255,17147,458152,81,video_av1,simulcast,0,0,27800.0,20200.0,72.66187050359713,0.0,1.051216,0.706565,0.392097,0.0,27.268,4.307219999999997,0,1.367654,182,2,184,0
Unnamed 256,23886,574043,82,video_av1,simulcast,0,1,28000.0,14800.0,52.85714285714286,0.0,6.884416,0.7550129999999999,0.624815,0.0,27.295,2.361451000000001,0,7.445251,356,2,358,0
Unnamed 257,27291,853712,83,video_av1,simulcast,0,2,28000.0,8600.0,30.714285714285715,0.0,15.98914,1.06203,1.147379,0.0,27.406,1.3919879999999936,0,17.106914,706,2,708,0
Unnamed 258,23310,1096154,84,video_av1,simulcast,1,0,27800.0,11538.39501953125,41.5050180558678,1261.60498046875,15.561374,2.776205,0.960228,1.348,27.376,3.4059199999999987,0,16.523913999999998,440,2,442,3
Unnamed 259,26476,1297016,85,video_av1,simulcast,1,1,27997.0,8363.0,29.87105761331571,837.0,14.697206,2.908483,1.168484,0.837,27.267,2.030039000000003,0,15.758939,527,2,532,3
Unnamed 260,27065,1701260,86,video_av1,simulcast,1,2,28000.0,11134.0,39.76428571428571,266.0,31.662926,3.531022,1.628005,0.266,27.418,1.536467999999989,0,33.264384,683,2,688,1
Unnamed 261,27879,1685713,87,video_av1,simulcast,2,0,28000.0,0.0,0.0,0.0,27.28169,3.391701,1.552776,0.23,27.463,1.5935509999999904,0,28.808905,653,3,657,1
Unnamed 262,28138,1738613,88,video_av1,simulcast,2,1,28000.0,0.0,0.0,0.0,31.630534,4.225519,1.65171,0.294,27.405,1.52865299999999,0,33.258033,693,2,698,1
Unnamed 263,27566,1700751,89,video_av1,simulcast,2,2,28000.0,0.0,0.0,0.0,26.35906,4.255066,1.60115,0.451,27.422,1.58173199999999,0,27.935585,675,2,679,2
Unnamed 264,17234,458678,9,video_av1,simulcast,0,0,27800.0,23800.0,85.61151079136691,0.0,1.849369,0.876907,0.291971,0.0,27.282,4.3111919999999975,0,2.112167,182,2,184,0
281,16996,307383,90,video_vp9,svc,0,0,28000.0,2000.0,7.142857142857142,0.0,9.23148,0.3667459999999999,0.4203469999999999,1.125,27.839,4.92855099999999,0,9.690209,204,0,204,1
281,24769,380466,91,video_vp9,svc,0,1,28000.0,1000.0,3.571428571428571,0.0,40.873183,0.242277,0.7829109999999999,0.28,27.875,2.109017000000002,0,41.715434,411,0,415,1
Unnamed 265,26518,494454,92,video_vp9,svc,0,2,27992.0,992.0,3.5438696770505858,0.0,17.545219,0.2732779999999999,1.564294,0.217,27.913,1.311984999999993,0,19.210406,805,11,816,1
Unnamed 266,19971,640555,93,video_vp9,svc,1,0,28000.0,0.0,0.0,0.0,3.51456,0.325982,0.359732,19.521,27.613,60.53978099999999,0,3.900237,110,252,216,7
Unnamed 267,28670,2870005,94,video_vp9,svc,1,1,28000.0,27000.0,96.42857142857143,0.0,3.991987,0.087256,3.965807,0.0,27.836,1.9597459999999989,0,8.016565,412,0,413,0
Unnamed 268,30497,4115659,95,video_vp9,svc,1,2,28000.0,20800.0,74.28571428571429,0.0,12.787106,0.0844,6.62703,0.0,27.889,1.213190999999998,0,19.530408,789,27,790,0
Unnamed 269,27766,1842070,96,video_vp9,svc,2,0,28000.0,0.0,0.0,0.0,13.363842,0.662144,1.01807,15.042,27.284,37.65670000000011,0,13.980041,258,431,431,10
Unnamed 270,28767,1535032,97,video_vp9,svc,2,1,27997.0,0.0,0.0,0.0,37.999445,0.476219,1.429914,10.85,26.902,31.97448800000017,0,39.354557,446,552,685,6
Unnamed 271,29498,1998945,98,video_vp9,svc,2,2,28000.0,0.0,0.0,0.0,12.198674,0.453972,1.254012,14.534,27.907,37.54220300000011,0,13.299422,324,694,517,10
281,15817,390253,99,video_vp9,simulcast,0,0,28000.0,11922.89990234375,42.58178536551339,2877.10009765625,0.4817809999999999,0.299906,0.196846,12.239,26.448,40.464014000000006,0,0.6920609999999999,97,63,97,4
