id,timestamp,type,codecId,kind,mediaType,ssrc,transportId,bytesSent,packetsSent,active,encodingIndex,firCount,frameHeight,frameWidth,framesEncoded,framesPerSecond,framesSent,headerBytesSent,hugeFramesSent,keyFramesEncoded,mediaSourceId,mid,nackCount,packetsSentWithEct1,pliCount,qpSum,qualityLimitationDurations,qualityLimitationReason,qualityLimitationResolutionChanges,remoteId,retransmittedBytesSent,retransmittedPacketsSent,rid,rtxSsrc,scalabilityMode,targetBitrate,totalEncodeTime,totalEncodedBytesTarget,totalPacketSendDelay
OT01V101428352,1776274879021.661,outbound-rtp,COT01_98_profile-id=0,video,video,101428352,T01,30908,48,true,0,0,270,480,27,29,27,2806,2,1,SV244,0,0,0,0,5379,[object Object],bandwidth,0,RIV101428352,0,0,r0,4265243251,L1T3,214166,0.134,0,1.861003
OT01V114552493,1776274879021.661,outbound-rtp,COT01_98_profile-id=0,video,video,114552493,T01,0,1,true,2,0,,,0,,0,283,0,0,SV244,0,0,0,0,,[object Object],bandwidth,0,,0,0,r2,3604795356,,,0,0,0
OT01V869998026,1776274879021.661,outbound-rtp,COT01_98_profile-id=0,video,video,869998026,T01,0,0,true,1,0,,,0,,0,0,0,0,SV244,0,0,0,0,,[object Object],bandwidth,0,,0,0,r1,495107178,,,0,0,0
OT01V101428352,1776274879021.661,outbound-rtp,COT01_98_profile-id=0,video,video,101428352,T01,30908,48,true,0,0,270,480,27,29,27,2806,2,1,SV244,0,0,0,0,5379,[object Object],bandwidth,0,RIV101428352,0,0,r0,4265243251,L1T3,214166,0.134,0,1.861003
OT01V114552493,1776274879021.661,outbound-rtp,COT01_98_profile-id=0,video,video,114552493,T01,0,1,true,2,0,,,0,,0,283,0,0,SV244,0,0,0,0,,[object Object],bandwidth,0,,0,0,r2,3604795356,,,0,0,0
OT01V869998026,1776274879021.661,outbound-rtp,COT01_98_profile-id=0,video,video,869998026,T01,0,0,true,1,0,,,0,,0,0,0,0,SV244,0,0,0,0,,[object Object],bandwidth,0,,0,0,r1,495107178,,,0,0,0
OT01V101428352,1776274880021.641,outbound-rtp,COT01_98_profile-id=0,video,video,101428352,T01,52093,137,true,0,0,270,480,55,28,55,19222,2,1,SV244,0,0,0,0,11037,[object Object],bandwidth,0,RIV101428352,0,0,r0,4265243251,L1T3,196298,0.27,0,1.861027
OT01V114552493,1776274880021.641,outbound-rtp,COT01_98_profile-id=0,video,video,114552493,T01,0,1,true,2,0,,,0,,0,283,0,0,SV244,0,0,0,0,,[object Object],bandwidth,0,,0,0,r2,3604795356,,,0,0,0
OT01V869998026,1776274880021.641,outbound-rtp,COT01_98_profile-id=0,video,video,869998026,T01,0,0,true,1,0,,,0,,0,0,0,0,SV244,0,0,0,0,,[object Object],bandwidth,0,,0,0,r1,495107178,,,0,0,0
OT01V101428352,1776274880021.641,outbound-rtp,COT01_98_profile-id=0,video,video,101428352,T01,52093,137,true,0,0,270,480,55,28,55,19222,2,1,SV244,0,0,0,0,11037,[object Object],bandwidth,0,RIV101428352,0,0,r0,4265243251,L1T3,196298,0.27,0,1.861027
OT01V114552493,1776274880021.641,outbound-rtp,COT01_98_profile-id=0,video,video,114552493,T01,0,1,true,2,0,,,0,,0,283,0,0,SV244,0,0,0,0,,[object Object],bandwidth,0,,0,0,r2,3604795356,,,0,0,0
OT01V869998026,1776274880021.641,outbound-rtp,COT01_98_profile-id=0,video,video,869998026,T01,0,0,true,1,0,,,0,,0,0,0,0,SV244,0,0,0,0,,[object Object],bandwidth,0,,0,0,r1,495107178,,,0,0,0
OT01V101428352,1776274881021.582,outbound-rtp,COT01_98_profile-id=0,video,video,101428352,T01,76019,232,true,0,0,270,480,85,30,85,36547,2,1,SV244,0,0,0,0,17003,[object Object],bandwidth,0,RIV101428352,0,0,r0,4265243251,L1T3,237151,0.397,0,1.861054
OT01V114552493,1776274881021.582,outbound-rtp,COT01_98_profile-id=0,video,video,114552493,T01,0,1,true,2,0,,,0,,0,283,0,0,SV244,0,0,0,0,,[object Object],bandwidth,0,,0,0,r2,3604795356,,,0,0,0
OT01V869998026,1776274881021.582,outbound-rtp,COT01_98_profile-id=0,video,video,869998026,T01,0,0,true,1,0,,,0,,0,0,0,0,SV244,0,0,0,0,,[object Object],bandwidth,0,,0,0,r1,495107178,,,0,0,0
OT01V101428352,1776274881021.582,outbound-rtp,COT01_98_profile-id=0,video,video,101428352,T01,76019,232,true,0,0,270,480,85,30,85,36547,2,1,SV244,0,0,0,0,17003,[object Object],bandwidth,0,RIV101428352,0,0,r0,4265243251,L1T3,237151,0.397,0,1.861054
OT01V114552493,1776274881021.582,outbound-rtp,COT01_98_profile-id=0,video,video,114552493,T01,0,1,true,2,0,,,0,,0,283,0,0,SV244,0,0,0,0,,[object Object],bandwidth,0,,0,0,r2,3604795356,,,0,0,0
OT01V869998026,1776274881021.582,outbound-rtp,COT01_98_profile-id=0,video,video,869998026,T01,0,0,true,1,0,,,0,,0,0,0,0,SV244,0,0,0,0,,[object Object],bandwidth,0,,0,0,r1,495107178,,,0,0,0
OT01V101428352,1776274882021.652,outbound-rtp,COT01_98_profile-id=0,video,video,101428352,T01,106059,320,true,0,0,270,480,115,30,115,50899,2,1,SV244,0,0,0,0,22825,[object Object],bandwidth,0,RIV101428352,0,0,r0,4265243251,L1T3,257000,0.546,0,1.895408
OT01V114552493,1776274882021.652,outbound-rtp,COT01_98_profile-id=0,video,video,114552493,T01,0,1,true,2,0,,,0,,0,283,0,0,SV244,0,0,0,0,,[object Object],bandwidth,0,,0,0,r2,3604795356,,,0,0,0
OT01V869998026,1776274882021.652,outbound-rtp,COT01_98_profile-id=0,video,video,869998026,T01,0,0,true,1,0,,,0,,0,0,0,0,SV244,0,0,0,0,,[object Object],bandwidth,0,,0,0,r1,495107178,,,0,0,0
OT01V101428352,1776274882021.652,outbound-rtp,COT01_98_profile-id=0,video,video,101428352,T01,106059,320,true,0,0,270,480,115,30,115,50899,2,1,SV244,0,0,0,0,22825,[object Object],bandwidth,0,RIV101428352,0,0,r0,4265243251,L1T3,257000,0.546,0,1.895408
OT01V114552493,1776274882021.652,outbound-rtp,COT01_98_profile-id=0,video,video,114552493,T01,0,1,true,2,0,,,0,,0,283,0,0,SV244,0,0,0,0,,[object Object],bandwidth,0,,0,0,r2,3604795356,,,0,0,0
OT01V869998026,1776274882021.652,outbound-rtp,COT01_98_profile-id=0,video,video,869998026,T01,0,0,true,1,0,,,0,,0,0,0,0,SV244,0,0,0,0,,[object Object],bandwidth,0,,0,0,r1,495107178,,,0,0,0
OT01V101428352,1776274883021.648,outbound-rtp,COT01_98_profile-id=0,video,video,101428352,T01,137802,422,true,0,0,270,480,145,30,145,68902,2,1,SV244,0,0,0,0,28523,[object Object],bandwidth,0,RIV101428352,0,0,r0,4265243251,L1T3,257000,0.696,0,1.8955179999999998
OT01V114552493,1776274883021.648,outbound-rtp,COT01_98_profile-id=0,video,video,114552493,T01,0,1,true,2,0,,,0,,0,283,0,0,SV244,0,0,0,0,,[object Object],bandwidth,0,,0,0,r2,3604795356,,,0,0,0
OT01V869998026,1776274883021.648,outbound-rtp,COT01_98_profile-id=0,video,video,869998026,T01,0,0,true,1,0,,,0,,0,0,0,0,SV244,0,0,0,0,,[object Object],bandwidth,0,,0,0,r1,495107178,,,0,0,0
OT01V101428352,1776274883021.648,outbound-rtp,COT01_98_profile-id=0,video,video,101428352,T01,137802,422,true,0,0,270,480,145,30,145,68902,2,1,SV244,0,0,0,0,28523,[object Object],bandwidth,0,RIV101428352,0,0,r0,4265243251,L1T3,257000,0.696,0,1.8955179999999998
OT01V114552493,1776274883021.648,outbound-rtp,COT01_98_profile-id=0,video,video,114552493,T01,0,1,true,2,0,,,0,,0,283,0,0,SV244,0,0,0,0,,[object Object],bandwidth,0,,0,0,r2,3604795356,,,0,0,0
OT01V869998026,1776274883021.648,outbound-rtp,COT01_98_profile-id=0,video,video,869998026,T01,0,0,true,1,0,,,0,,0,0,0,0,SV244,0,0,0,0,,[object Object],bandwidth,0,,0,0,r1,495107178,,,0,0,0
OT01V101428352,1776274884021.602,outbound-rtp,COT01_98_profile-id=0,video,video,101428352,T01,172745,523,true,0,0,270,480,175,30,175,85606,2,1,SV244,0,0,0,0,34181,[object Object],bandwidth,0,RIV101428352,0,0,r0,4265243251,L1T3,257000,0.847,0,1.8957009999999999
OT01V114552493,1776274884021.602,outbound-rtp,COT01_98_profile-id=0,video,video,114552493,T01,0,1,true,2,0,,,0,,0,283,0,0,SV244,0,0,0,0,,[object Object],bandwidth,0,,0,0,r2,3604795356,,,0,0,0
OT01V869998026,1776274884021.602,outbound-rtp,COT01_98_profile-id=0,video,video,869998026,T01,0,0,true,1,0,,,0,,0,0,0,0,SV244,0,0,0,0,,[object Object],bandwidth,0,,0,0,r1,495107178,,,0,0,0
OT01V101428352,1776274884021.602,outbound-rtp,COT01_98_profile-id=0,video,video,101428352,T01,172745,523,true,0,0,270,480,175,30,175,85606,2,1,SV244,0,0,0,0,34181,[object Object],bandwidth,0,RIV101428352,0,0,r0,4265243251,L1T3,257000,0.847,0,1.8957009999999999
OT01V114552493,1776274884021.602,outbound-rtp,COT01_98_profile-id=0,video,video,114552493,T01,0,1,true,2,0,,,0,,0,283,0,0,SV244,0,0,0,0,,[object Object],bandwidth,0,,0,0,r2,3604795356,,,0,0,0
OT01V869998026,1776274884021.602,outbound-rtp,COT01_98_profile-id=0,video,video,869998026,T01,0,0,true,1,0,,,0,,0,0,0,0,SV244,0,0,0,0,,[object Object],bandwidth,0,,0,0,r1,495107178,,,0,0,0
OT01V101428352,1776274885021.629,outbound-rtp,COT01_98_profile-id=0,video,video,101428352,T01,211677,631,true,0,0,270,480,205,30,205,103498,2,1,SV244,0,0,0,0,39882,[object Object],bandwidth,0,RIV101428352,0,0,r0,4265243251,L1T3,251314,0.995,0,1.895859
OT01V114552493,1776274885021.629,outbound-rtp,COT01_98_profile-id=0,video,video,114552493,T01,0,1,true,2,0,,,0,,0,283,0,0,SV244,0,0,0,0,,[object Object],bandwidth,0,,0,0,r2,3604795356,,,0,0,0
OT01V869998026,1776274885021.629,outbound-rtp,COT01_98_profile-id=0,video,video,869998026,T01,0,0,true,1,0,,,0,,0,0,0,0,SV244,0,0,0,0,,[object Object],bandwidth,0,,0,0,r1,495107178,,,0,0,0
OT01V101428352,1776274885021.629,outbound-rtp,COT01_98_profile-id=0,video,video,101428352,T01,211677,631,true,0,0,270,480,205,30,205,103498,2,1,SV244,0,0,0,0,39882,[object Object],bandwidth,0,RIV101428352,0,0,r0,4265243251,L1T3,251314,0.995,0,1.895859
OT01V114552493,1776274885021.629,outbound-rtp,COT01_98_profile-id=0,video,video,114552493,T01,0,1,true,2,0,,,0,,0,283,0,0,SV244,0,0,0,0,,[object Object],bandwidth,0,,0,0,r2,3604795356,,,0,0,0
OT01V869998026,1776274885021.629,outbound-rtp,COT01_98_profile-id=0,video,video,869998026,T01,0,0,true,1,0,,,0,,0,0,0,0,SV244,0,0,0,0,,[object Object],bandwidth,0,,0,0,r1,495107178,,,0,0,0
OT01V101428352,1776274886021.616,outbound-rtp,COT01_98_profile-id=0,video,video,101428352,T01,251483,755,true,0,0,270,480,235,30,235,125854,2,1,SV244,0,0,0,0,45578,[object Object],bandwidth,0,RIV101428352,0,0,r0,4265243251,L1T3,251600,1.144,0,1.9639039999999999
OT01V114552493,1776274886021.616,outbound-rtp,COT01_98_profile-id=0,video,video,114552493,T01,0,1,true,2,0,,,0,,0,283,0,0,SV244,0,0,0,0,,[object Object],bandwidth,0,,0,0,r2,3604795356,,,0,0,0
OT01V869998026,1776274886021.616,outbound-rtp,COT01_98_profile-id=0,video,video,869998026,T01,0,0,true,1,0,,,0,,0,0,0,0,SV244,0,0,0,0,,[object Object],bandwidth,0,,0,0,r1,495107178,,,0,0,0
OT01V101428352,1776274886021.616,outbound-rtp,COT01_98_profile-id=0,video,video,101428352,T01,251483,755,true,0,0,270,480,235,30,235,125854,2,1,SV244,0,0,0,0,45578,[object Object],bandwidth,0,RIV101428352,0,0,r0,4265243251,L1T3,251600,1.144,0,1.9639039999999999
OT01V114552493,1776274886021.616,outbound-rtp,COT01_98_profile-id=0,video,video,114552493,T01,0,1,true,2,0,,,0,,0,283,0,0,SV244,0,0,0,0,,[object Object],bandwidth,0,,0,0,r2,3604795356,,,0,0,0
OT01V869998026,1776274886021.616,outbound-rtp,COT01_98_profile-id=0,video,video,869998026,T01,0,0,true,1,0,,,0,,0,0,0,0,SV244,0,0,0,0,,[object Object],bandwidth,0,,0,0,r1,495107178,,,0,0,0
OT01V101428352,1776274887021.654,outbound-rtp,COT01_98_profile-id=0,video,video,101428352,T01,282699,909,true,0,0,270,480,265,30,265,157600,2,1,SV244,0,0,0,0,51399,[object Object],bandwidth,0,RIV101428352,0,0,r0,4265243251,L1T3,254188,1.294,0,1.964165
OT01V114552493,1776274887021.654,outbound-rtp,COT01_98_profile-id=0,video,video,114552493,T01,0,1,true,2,0,,,0,,0,283,0,0,SV244,0,0,0,0,,[object Object],bandwidth,0,,0,0,r2,3604795356,,,0,0,0
OT01V869998026,1776274887021.654,outbound-rtp,COT01_98_profile-id=0,video,video,869998026,T01,0,0,true,1,0,,,0,,0,0,0,0,SV244,0,0,0,0,,[object Object],bandwidth,0,,0,0,r1,495107178,,,0,0,0
OT01V101428352,1776274887021.654,outbound-rtp,COT01_98_profile-id=0,video,video,101428352,T01,282699,909,true,0,0,270,480,265,30,265,157600,2,1,SV244,0,0,0,0,51399,[object Object],bandwidth,0,RIV101428352,0,0,r0,4265243251,L1T3,254188,1.294,0,1.964165
OT01V114552493,1776274887021.654,outbound-rtp,COT01_98_profile-id=0,video,video,114552493,T01,0,1,true,2,0,,,0,,0,283,0,0,SV244,0,0,0,0,,[object Object],bandwidth,0,,0,0,r2,3604795356,,,0,0,0
OT01V869998026,1776274887021.654,outbound-rtp,COT01_98_profile-id=0,video,video,869998026,T01,0,0,true,1,0,,,0,,0,0,0,0,SV244,0,0,0,0,,[object Object],bandwidth,0,,0,0,r1,495107178,,,0,0,0
OT01V101428352,1776274888021.653,outbound-rtp,COT01_98_profile-id=0,video,video,101428352,T01,344486,1014,true,0,0,270,480,295,30,295,168280,2,1,SV244,0,0,0,0,57196,[object Object],bandwidth,0,RIV101428352,0,0,r0,4265243251,L1T3,254665,1.443,0,1.964287
OT01V114552493,1776274888021.653,outbound-rtp,COT01_98_profile-id=0,video,video,114552493,T01,0,1,true,2,0,,,0,,0,283,0,0,SV244,0,0,0,0,,[object Object],bandwidth,0,,0,0,r2,3604795356,,,0,0,0
OT01V869998026,1776274888021.653,outbound-rtp,COT01_98_profile-id=0,video,video,869998026,T01,0,0,true,1,0,,,0,,0,0,0,0,SV244,0,0,0,0,,[object Object],bandwidth,0,,0,0,r1,495107178,,,0,0,0
OT01V101428352,1776274888021.653,outbound-rtp,COT01_98_profile-id=0,video,video,101428352,T01,344486,1014,true,0,0,270,480,295,30,295,168280,2,1,SV244,0,0,0,0,57196,[object Object],bandwidth,0,RIV101428352,0,0,r0,4265243251,L1T3,254665,1.443,0,1.964287
OT01V114552493,1776274888021.653,outbound-rtp,COT01_98_profile-id=0,video,video,114552493,T01,0,1,true,2,0,,,0,,0,283,0,0,SV244,0,0,0,0,,[object Object],bandwidth,0,,0,0,r2,3604795356,,,0,0,0
OT01V869998026,1776274888021.653,outbound-rtp,COT01_98_profile-id=0,video,video,869998026,T01,0,0,true,1,0,,,0,,0,0,0,0,SV244,0,0,0,0,,[object Object],bandwidth,0,,0,0,r1,495107178,,,0,0,0
OT01V101428352,1776274889021.606,outbound-rtp,COT01_98_profile-id=0,video,video,101428352,T01,420717,1098,true,0,0,270,480,325,30,325,170296,2,1,SV244,0,0,0,0,62960,[object Object],bandwidth,0,RIV101428352,0,0,r0,4265243251,L1T3,251897,1.6,0,1.9643609999999998
OT01V114552493,1776274889021.606,outbound-rtp,COT01_98_profile-id=0,video,video,114552493,T01,0,1,true,2,0,,,0,,0,283,0,0,SV244,0,0,0,0,,[object Object],bandwidth,0,,0,0,r2,3604795356,,,0,0,0
OT01V869998026,1776274889021.606,outbound-rtp,COT01_98_profile-id=0,video,video,869998026,T01,0,0,true,1,0,,,0,,0,0,0,0,SV244,0,0,0,0,,[object Object],bandwidth,0,,0,0,r1,495107178,,,0,0,0
OT01V101428352,1776274889021.606,outbound-rtp,COT01_98_profile-id=0,video,video,101428352,T01,420717,1098,true,0,0,270,480,325,30,325,170296,2,1,SV244,0,0,0,0,62960,[object Object],bandwidth,0,RIV101428352,0,0,r0,4265243251,L1T3,251897,1.6,0,1.9643609999999998
OT01V114552493,1776274889021.606,outbound-rtp,COT01_98_profile-id=0,video,video,114552493,T01,0,1,true,2,0,,,0,,0,283,0,0,SV244,0,0,0,0,,[object Object],bandwidth,0,,0,0,r2,3604795356,,,0,0,0
OT01V869998026,1776274889021.606,outbound-rtp,COT01_98_profile-id=0,video,video,869998026,T01,0,0,true,1,0,,,0,,0,0,0,0,SV244,0,0,0,0,,[object Object],bandwidth,0,,0,0,r1,495107178,,,0,0,0
OT01V101428352,1776274890021.616,outbound-rtp,COT01_98_profile-id=0,video,video,101428352,T01,492905,1181,true,0,0,270,480,354,29,354,172292,2,2,SV244,0,0,0,0,68598,[object Object],bandwidth,1,RIV101428352,0,0,r0,4265243251,L1T3,214166,1.771,0,2.313764
OT01V114552493,1776274890021.616,outbound-rtp,COT01_98_profile-id=0,video,video,114552493,T01,0,1,true,2,0,,,0,,0,283,0,0,SV244,0,0,0,0,,[object Object],bandwidth,1,,0,0,r2,3604795356,,,0,0,0
OT01V869998026,1776274890021.616,outbound-rtp,COT01_98_profile-id=0,video,video,869998026,T01,14052,13,true,1,0,540,960,8,31,8,368,1,1,SV244,0,0,0,0,1664,[object Object],bandwidth,1,,0,0,r1,495107178,L1T3,344167,0.128,0,1.4781579999999999
OT01V101428352,1776274890021.616,outbound-rtp,COT01_98_profile-id=0,video,video,101428352,T01,492905,1181,true,0,0,270,480,354,29,354,172292,2,2,SV244,0,0,0,0,68598,[object Object],bandwidth,1,RIV101428352,0,0,r0,4265243251,L1T3,214166,1.771,0,2.313764
OT01V114552493,1776274890021.616,outbound-rtp,COT01_98_profile-id=0,video,video,114552493,T01,0,1,true,2,0,,,0,,0,283,0,0,SV244,0,0,0,0,,[object Object],bandwidth,1,,0,0,r2,3604795356,,,0,0,0
OT01V869998026,1776274890021.616,outbound-rtp,COT01_98_profile-id=0,video,video,869998026,T01,14052,13,true,1,0,540,960,8,31,8,368,1,1,SV244,0,0,0,0,1664,[object Object],bandwidth,1,,0,0,r1,495107178,L1T3,344167,0.128,0,1.4781579999999999
OT01V101428352,1776274891021.652,outbound-rtp,COT01_98_profile-id=0,video,video,101428352,T01,520286,1217,true,0,0,270,480,375,21,375,173156,2,2,SV244,0,0,0,0,72914,[object Object],bandwidth,1,RIV101428352,0,0,r0,4265243251,L1T3,205792,1.883,0,3.099163
OT01V114552493,1776274891021.652,outbound-rtp,COT01_98_profile-id=0,video,video,114552493,T01,0,1,true,2,0,,,0,,0,283,0,0,SV244,0,0,0,0,,[object Object],bandwidth,1,,0,0,r2,3604795356,,,0,0,0
OT01V869998026,1776274891021.652,outbound-rtp,COT01_98_profile-id=0,video,video,869998026,T01,87066,83,true,1,0,540,960,21,12,21,2316,2,1,SV244,0,0,0,0,4358,[object Object],bandwidth,1,RIV869998026,0,0,r1,495107178,L1T3,337000,0.338,0,15.560666999999999
OT01V101428352,1776274891021.652,outbound-rtp,COT01_98_profile-id=0,video,video,101428352,T01,520286,1217,true,0,0,270,480,375,21,375,173156,2,2,SV244,0,0,0,0,72914,[object Object],bandwidth,1,RIV101428352,0,0,r0,4265243251,L1T3,205792,1.883,0,3.099163
OT01V114552493,1776274891021.652,outbound-rtp,COT01_98_profile-id=0,video,video,114552493,T01,0,1,true,2,0,,,0,,0,283,0,0,SV244,0,0,0,0,,[object Object],bandwidth,1,,0,0,r2,3604795356,,,0,0,0
OT01V869998026,1776274891021.652,outbound-rtp,COT01_98_profile-id=0,video,video,869998026,T01,87066,83,true,1,0,540,960,21,12,21,2316,2,1,SV244,0,0,0,0,4358,[object Object],bandwidth,1,RIV869998026,0,0,r1,495107178,L1T3,337000,0.338,0,15.560666999999999
OT01V101428352,1776274892021.651,outbound-rtp,COT01_98_profile-id=0,video,video,101428352,T01,556186,1260,true,0,0,270,480,395,20,395,174188,2,2,SV244,0,0,0,0,77050,[object Object],bandwidth,1,RIV101428352,0,0,r0,4265243251,L1T3,195469,1.997,0,3.260894
OT01V114552493,1776274892021.651,outbound-rtp,COT01_98_profile-id=0,video,video,114552493,T01,0,1,true,2,0,,,0,,0,283,0,0,SV244,0,0,0,0,,[object Object],bandwidth,1,,0,0,r2,3604795356,,,0,0,0
OT01V869998026,1776274892021.651,outbound-rtp,COT01_98_profile-id=0,video,video,869998026,T01,135915,130,true,1,0,540,960,31,9,31,3452,2,1,SV244,0,0,0,0,6438,[object Object],bandwidth,1,RIV869998026,0,0,r1,495107178,L1T3,337000,0.515,0,15.832675
OT01V101428352,1776274892021.651,outbound-rtp,COT01_98_profile-id=0,video,video,101428352,T01,556186,1260,true,0,0,270,480,395,20,395,174188,2,2,SV244,0,0,0,0,77050,[object Object],bandwidth,1,RIV101428352,0,0,r0,4265243251,L1T3,195469,1.997,0,3.260894
OT01V114552493,1776274892021.651,outbound-rtp,COT01_98_profile-id=0,video,video,114552493,T01,0,1,true,2,0,,,0,,0,283,0,0,SV244,0,0,0,0,,[object Object],bandwidth,1,,0,0,r2,3604795356,,,0,0,0
OT01V869998026,1776274892021.651,outbound-rtp,COT01_98_profile-id=0,video,video,869998026,T01,135915,130,true,1,0,540,960,31,9,31,3452,2,1,SV244,0,0,0,0,6438,[object Object],bandwidth,1,RIV869998026,0,0,r1,495107178,L1T3,337000,0.515,0,15.832675
OT01V101428352,1776274893021.566,outbound-rtp,COT01_98_profile-id=0,video,video,101428352,T01,609187,1316,true,0,0,270,480,417,22,417,175532,3,3,SV244,0,0,0,1,81595,[object Object],bandwidth,1,RIV101428352,0,0,r0,4265243251,L1T3,188371,2.125,0,3.275019
OT01V114552493,1776274893021.566,outbound-rtp,COT01_98_profile-id=0,video,video,114552493,T01,0,1,true,2,0,,,0,,0,283,0,0,SV244,0,0,0,0,,[object Object],bandwidth,1,,0,0,r2,3604795356,,,0,0,0
OT01V869998026,1776274893021.566,outbound-rtp,COT01_98_profile-id=0,video,video,869998026,T01,188787,179,true,1,0,540,960,42,10,42,4628,4,2,SV244,0,0,0,0,8726,[object Object],bandwidth,1,RIV869998026,0,0,r1,495107178,L1T3,337000,0.711,0,15.917862
OT01V101428352,1776274893021.566,outbound-rtp,COT01_98_profile-id=0,video,video,101428352,T01,609187,1316,true,0,0,270,480,417,22,417,175532,3,3,SV244,0,0,0,1,81595,[object Object],bandwidth,1,RIV101428352,0,0,r0,4265243251,L1T3,188371,2.125,0,3.275019
OT01V114552493,1776274893021.566,outbound-rtp,COT01_98_profile-id=0,video,video,114552493,T01,0,1,true,2,0,,,0,,0,283,0,0,SV244,0,0,0,0,,[object Object],bandwidth,1,,0,0,r2,3604795356,,,0,0,0
OT01V869998026,1776274893021.566,outbound-rtp,COT01_98_profile-id=0,video,video,869998026,T01,188787,179,true,1,0,540,960,42,10,42,4628,4,2,SV244,0,0,0,0,8726,[object Object],bandwidth,1,RIV869998026,0,0,r1,495107178,L1T3,337000,0.711,0,15.917862
OT01V101428352,1776274894021.618,outbound-rtp,COT01_98_profile-id=0,video,video,101428352,T01,654640,1362,true,0,0,270,480,431,14,431,176640,3,3,SV244,0,0,0,1,84499,[object Object],bandwidth,1,RIV101428352,0,0,r0,4265243251,L1T3,193421,2.219,0,3.4158389999999996
OT01V114552493,1776274894021.618,outbound-rtp,COT01_98_profile-id=0,video,video,114552493,T01,0,1,true,2,0,,,0,,0,283,0,0,SV244,0,0,0,0,,[object Object],bandwidth,1,,0,0,r2,3604795356,,,0,0,0
OT01V869998026,1776274894021.618,outbound-rtp,COT01_98_profile-id=0,video,video,869998026,T01,255738,240,true,1,0,540,960,52,10,52,6096,6,2,SV244,0,0,0,0,10806,[object Object],bandwidth,1,RIV869998026,0,0,r1,495107178,L1T3,339653,0.867,0,17.118074999999997
OT01V101428352,1776274894021.618,outbound-rtp,COT01_98_profile-id=0,video,video,101428352,T01,654640,1362,true,0,0,270,480,431,14,431,176640,3,3,SV244,0,0,0,1,84499,[object Object],bandwidth,1,RIV101428352,0,0,r0,4265243251,L1T3,193421,2.219,0,3.4158389999999996
OT01V114552493,1776274894021.618,outbound-rtp,COT01_98_profile-id=0,video,video,114552493,T01,0,1,true,2,0,,,0,,0,283,0,0,SV244,0,0,0,0,,[object Object],bandwidth,1,,0,0,r2,3604795356,,,0,0,0
OT01V869998026,1776274894021.618,outbound-rtp,COT01_98_profile-id=0,video,video,869998026,T01,255738,240,true,1,0,540,960,52,10,52,6096,6,2,SV244,0,0,0,0,10806,[object Object],bandwidth,1,RIV869998026,0,0,r1,495107178,L1T3,339653,0.867,0,17.118074999999997
OT01V101428352,1776274895021.669,outbound-rtp,COT01_98_profile-id=0,video,video,101428352,T01,712381,1423,true,0,0,270,480,448,17,448,178104,3,3,SV244,0,0,0,1,88023,[object Object],bandwidth,1,RIV101428352,0,0,r0,4265243251,L1T3,187655,2.326,0,3.4159129999999998
OT01V114552493,1776274895021.669,outbound-rtp,COT01_98_profile-id=0,video,video,114552493,T01,0,1,true,2,0,,,0,,0,283,0,0,SV244,0,0,0,0,,[object Object],bandwidth,1,,0,0,r2,3604795356,,,0,0,0
OT01V869998026,1776274895021.669,outbound-rtp,COT01_98_profile-id=0,video,video,869998026,T01,320041,299,true,1,0,540,960,62,10,62,7512,7,2,SV244,0,0,0,0,12886,[object Object],bandwidth,1,RIV869998026,0,0,r1,495107178,L1T3,373635,1.019,0,17.199098
OT01V101428352,1776274895021.669,outbound-rtp,COT01_98_profile-id=0,video,video,101428352,T01,712381,1423,true,0,0,270,480,448,17,448,178104,3,3,SV244,0,0,0,1,88023,[object Object],bandwidth,1,RIV101428352,0,0,r0,4265243251,L1T3,187655,2.326,0,3.4159129999999998
OT01V114552493,1776274895021.669,outbound-rtp,COT01_98_profile-id=0,video,video,114552493,T01,0,1,true,2,0,,,0,,0,283,0,0,SV244,0,0,0,0,,[object Object],bandwidth,1,,0,0,r2,3604795356,,,0,0,0
OT01V869998026,1776274895021.669,outbound-rtp,COT01_98_profile-id=0,video,video,869998026,T01,320041,299,true,1,0,540,960,62,10,62,7512,7,2,SV244,0,0,0,0,12886,[object Object],bandwidth,1,RIV869998026,0,0,r1,495107178,L1T3,373635,1.019,0,17.199098
OT01V101428352,1776274896021.652,outbound-rtp,COT01_98_profile-id=0,video,video,101428352,T01,765778,1480,true,0,0,270,480,465,17,465,179472,3,3,SV244,0,0,0,1,91546,[object Object],bandwidth,1,RIV101428352,0,0,r0,4265243251,L1T3,183483,2.426,0,3.4159669999999998
OT01V114552493,1776274896021.652,outbound-rtp,COT01_98_profile-id=0,video,video,114552493,T01,0,1,true,2,0,,,0,,0,283,0,0,SV244,0,0,0,0,,[object Object],bandwidth,1,,0,0,r2,3604795356,,,0,0,0
OT01V869998026,1776274896021.652,outbound-rtp,COT01_98_profile-id=0,video,video,869998026,T01,398368,372,true,1,0,540,960,72,10,72,9264,10,2,SV244,0,0,0,0,14966,[object Object],bandwidth,1,RIV869998026,0,0,r1,495107178,L1T3,409522,1.174,0,17.319035
OT01V101428352,1776274896021.652,outbound-rtp,COT01_98_profile-id=0,video,video,101428352,T01,765778,1480,true,0,0,270,480,465,17,465,179472,3,3,SV244,0,0,0,1,91546,[object Object],bandwidth,1,RIV101428352,0,0,r0,4265243251,L1T3,183483,2.426,0,3.4159669999999998
OT01V114552493,1776274896021.652,outbound-rtp,COT01_98_profile-id=0,video,video,114552493,T01,0,1,true,2,0,,,0,,0,283,0,0,SV244,0,0,0,0,,[object Object],bandwidth,1,,0,0,r2,3604795356,,,0,0,0
OT01V869998026,1776274896021.652,outbound-rtp,COT01_98_profile-id=0,video,video,869998026,T01,398368,372,true,1,0,540,960,72,10,72,9264,10,2,SV244,0,0,0,0,14966,[object Object],bandwidth,1,RIV869998026,0,0,r1,495107178,L1T3,409522,1.174,0,17.319035
OT01V101428352,1776274897021.553,outbound-rtp,COT01_98_profile-id=0,video,video,101428352,T01,817621,1532,true,0,0,270,480,479,14,479,180752,4,4,SV244,0,0,0,2,94451,[object Object],bandwidth,1,RIV101428352,0,0,r0,4265243251,L1T3,191897,2.519,0,3.4219999999999997
OT01V114552493,1776274897021.553,outbound-rtp,COT01_98_profile-id=0,video,video,114552493,T01,0,1,true,2,0,,,0,,0,283,0,0,SV244,0,0,0,0,,[object Object],bandwidth,1,,0,0,r2,3604795356,,,0,0,0
OT01V869998026,1776274897021.553,outbound-rtp,COT01_98_profile-id=0,video,video,869998026,T01,494743,462,true,1,0,540,960,83,11,83,11428,12,3,SV244,0,0,0,0,17254,[object Object],bandwidth,1,RIV869998026,0,0,r1,495107178,L1T3,459887,1.364,0,17.602097
OT01V101428352,1776274897021.553,outbound-rtp,COT01_98_profile-id=0,video,video,101428352,T01,817621,1532,true,0,0,270,480,479,14,479,180752,4,4,SV244,0,0,0,2,94451,[object Object],bandwidth,1,RIV101428352,0,0,r0,4265243251,L1T3,191897,2.519,0,3.4219999999999997
OT01V114552493,1776274897021.553,outbound-rtp,COT01_98_profile-id=0,video,video,114552493,T01,0,1,true,2,0,,,0,,0,283,0,0,SV244,0,0,0,0,,[object Object],bandwidth,1,,0,0,r2,3604795356,,,0,0,0
OT01V869998026,1776274897021.553,outbound-rtp,COT01_98_profile-id=0,video,video,869998026,T01,494743,462,true,1,0,540,960,83,11,83,11428,12,3,SV244,0,0,0,0,17254,[object Object],bandwidth,1,RIV869998026,0,0,r1,495107178,L1T3,459887,1.364,0,17.602097
OT01V101428352,1776274898021.663,outbound-rtp,COT01_98_profile-id=0,video,video,101428352,T01,893813,1609,true,0,0,270,480,497,18,497,182600,4,4,SV244,0,0,0,2,98181,[object Object],bandwidth,1,RIV101428352,0,0,r0,4265243251,L1T3,197261,2.635,0,3.4220669999999997
OT01V114552493,1776274898021.663,outbound-rtp,COT01_98_profile-id=0,video,video,114552493,T01,0,1,true,2,0,,,0,,0,283,0,0,SV244,0,0,0,0,,[object Object],bandwidth,1,,0,0,r2,3604795356,,,0,0,0
OT01V869998026,1776274898021.663,outbound-rtp,COT01_98_profile-id=0,video,video,869998026,T01,568103,530,true,1,0,540,960,93,10,93,13060,12,3,SV244,0,0,0,0,19334,[object Object],bandwidth,1,RIV869998026,0,0,r1,495107178,L1T3,498421,1.525,0,17.636623999999998
OT01V101428352,1776274898021.663,outbound-rtp,COT01_98_profile-id=0,video,video,101428352,T01,893813,1609,true,0,0,270,480,497,18,497,182600,4,4,SV244,0,0,0,2,98181,[object Object],bandwidth,1,RIV101428352,0,0,r0,4265243251,L1T3,197261,2.635,0,3.4220669999999997
OT01V114552493,1776274898021.663,outbound-rtp,COT01_98_profile-id=0,video,video,114552493,T01,0,1,true,2,0,,,0,,0,283,0,0,SV244,0,0,0,0,,[object Object],bandwidth,1,,0,0,r2,3604795356,,,0,0,0
OT01V869998026,1776274898021.663,outbound-rtp,COT01_98_profile-id=0,video,video,869998026,T01,568103,530,true,1,0,540,960,93,10,93,13060,12,3,SV244,0,0,0,0,19334,[object Object],bandwidth,1,RIV869998026,0,0,r1,495107178,L1T3,498421,1.525,0,17.636623999999998
OT01V101428352,1776274899021.657,outbound-rtp,COT01_98_profile-id=0,video,video,101428352,T01,1011257,1727,true,0,0,270,480,520,23,520,185432,4,4,SV244,0,0,0,2,102923,[object Object],bandwidth,1,RIV101428352,0,0,r0,4265243251,L1T3,217826,2.77,0,3.422103
OT01V114552493,1776274899021.657,outbound-rtp,COT01_98_profile-id=0,video,video,114552493,T01,0,1,true,2,0,,,0,,0,283,0,0,SV244,0,0,0,0,,[object Object],bandwidth,1,,0,0,r2,3604795356,,,0,0,0
OT01V869998026,1776274899021.657,outbound-rtp,COT01_98_profile-id=0,video,video,869998026,T01,617765,577,true,1,0,540,960,103,10,103,14188,12,3,SV244,0,0,0,0,21414,[object Object],bandwidth,1,RIV869998026,0,0,r1,495107178,L1T3,676873,1.717,0,17.636682
OT01V101428352,1776274899021.657,outbound-rtp,COT01_98_profile-id=0,video,video,101428352,T01,1011257,1727,true,0,0,270,480,520,23,520,185432,4,4,SV244,0,0,0,2,102923,[object Object],bandwidth,1,RIV101428352,0,0,r0,4265243251,L1T3,217826,2.77,0,3.422103
OT01V114552493,1776274899021.657,outbound-rtp,COT01_98_profile-id=0,video,video,114552493,T01,0,1,true,2,0,,,0,,0,283,0,0,SV244,0,0,0,0,,[object Object],bandwidth,1,,0,0,r2,3604795356,,,0,0,0
OT01V869998026,1776274899021.657,outbound-rtp,COT01_98_profile-id=0,video,video,869998026,T01,617765,577,true,1,0,540,960,103,10,103,14188,12,3,SV244,0,0,0,0,21414,[object Object],bandwidth,1,RIV869998026,0,0,r1,495107178,L1T3,676873,1.717,0,17.636682
OT01V101428352,1776274900021.637,outbound-rtp,COT01_98_profile-id=0,video,video,101428352,T01,1087003,1805,true,0,0,270,480,539,19,539,187316,5,5,SV244,0,0,0,3,106840,[object Object],bandwidth,1,RIV101428352,0,0,r0,4265243251,L1T3,257000,2.887,0,3.426853
OT01V114552493,1776274900021.637,outbound-rtp,COT01_98_profile-id=0,video,video,114552493,T01,0,1,true,2,0,,,0,,0,283,0,0,SV244,0,0,0,0,,[object Object],bandwidth,1,,0,0,r2,3604795356,,,0,0,0
OT01V869998026,1776274900021.637,outbound-rtp,COT01_98_profile-id=0,video,video,869998026,T01,719787,671,true,1,0,540,960,117,14,117,16512,12,4,SV244,0,0,0,0,24317,[object Object],bandwidth,1,RIV869998026,0,0,r1,495107178,L1T3,879000,1.92,0,17.919370999999998
OT01V101428352,1776274900021.637,outbound-rtp,COT01_98_profile-id=0,video,video,101428352,T01,1087003,1805,true,0,0,270,480,539,19,539,187316,5,5,SV244,0,0,0,3,106840,[object Object],bandwidth,1,RIV101428352,0,0,r0,4265243251,L1T3,257000,2.887,0,3.426853
OT01V114552493,1776274900021.637,outbound-rtp,COT01_98_profile-id=0,video,video,114552493,T01,0,1,true,2,0,,,0,,0,283,0,0,SV244,0,0,0,0,,[object Object],bandwidth,1,,0,0,r2,3604795356,,,0,0,0
OT01V869998026,1776274900021.637,outbound-rtp,COT01_98_profile-id=0,video,video,869998026,T01,719787,671,true,1,0,540,960,117,14,117,16512,12,4,SV244,0,0,0,0,24317,[object Object],bandwidth,1,RIV869998026,0,0,r1,495107178,L1T3,879000,1.92,0,17.919370999999998
OT01V101428352,1776274901021.661,outbound-rtp,COT01_98_profile-id=0,video,video,101428352,T01,1129817,1855,true,0,0,270,480,564,25,564,188516,5,5,SV244,0,0,0,3,111981,[object Object],bandwidth,1,RIV101428352,0,0,r0,4265243251,L1T3,257000,3.034,0,3.4498089999999997
OT01V114552493,1776274901021.661,outbound-rtp,COT01_98_profile-id=0,video,video,114552493,T01,0,1,true,2,0,,,0,,0,283,0,0,SV244,0,0,0,0,,[object Object],bandwidth,1,,0,0,r2,3604795356,,,0,0,0
OT01V869998026,1776274901021.661,outbound-rtp,COT01_98_profile-id=0,video,video,869998026,T01,871653,815,true,1,0,540,960,144,26,144,19968,12,4,SV244,0,0,0,0,29833,[object Object],bandwidth,1,RIV869998026,0,0,r1,495107178,L1T3,879000,2.307,0,17.989993
OT01V101428352,1776274901021.661,outbound-rtp,COT01_98_profile-id=0,video,video,101428352,T01,1129817,1855,true,0,0,270,480,564,25,564,188516,5,5,SV244,0,0,0,3,111981,[object Object],bandwidth,1,RIV101428352,0,0,r0,4265243251,L1T3,257000,3.034,0,3.4498089999999997
OT01V114552493,1776274901021.661,outbound-rtp,COT01_98_profile-id=0,video,video,114552493,T01,0,1,true,2,0,,,0,,0,283,0,0,SV244,0,0,0,0,,[object Object],bandwidth,1,,0,0,r2,3604795356,,,0,0,0
OT01V869998026,1776274901021.661,outbound-rtp,COT01_98_profile-id=0,video,video,869998026,T01,871653,815,true,1,0,540,960,144,26,144,19968,12,4,SV244,0,0,0,0,29833,[object Object],bandwidth,1,RIV869998026,0,0,r1,495107178,L1T3,879000,2.307,0,17.989993
OT01V101428352,1776274902021.558,outbound-rtp,COT01_98_profile-id=0,video,video,101428352,T01,1172954,1911,true,0,0,270,480,592,28,592,191135,5,5,SV244,0,0,0,3,117711,[object Object],bandwidth,1,RIV101428352,0,0,r0,4265243251,L1T3,257000,3.194,0,3.449881
OT01V114552493,1776274902021.558,outbound-rtp,COT01_98_profile-id=0,video,video,114552493,T01,0,1,true,2,0,,,0,,0,283,0,0,SV244,0,0,0,0,,[object Object],bandwidth,1,,0,0,r2,3604795356,,,0,0,0
OT01V869998026,1776274902021.558,outbound-rtp,COT01_98_profile-id=0,video,video,869998026,T01,1034689,975,true,1,0,540,960,173,29,173,24828,12,4,SV244,0,0,0,0,35671,[object Object],bandwidth,1,RIV869998026,0,0,r1,495107178,L1T3,879000,2.727,0,17.990234
OT01V101428352,1776274902021.558,outbound-rtp,COT01_98_profile-id=0,video,video,101428352,T01,1172954,1911,true,0,0,270,480,592,28,592,191135,5,5,SV244,0,0,0,3,117711,[object Object],bandwidth,1,RIV101428352,0,0,r0,4265243251,L1T3,257000,3.194,0,3.449881
OT01V114552493,1776274902021.558,outbound-rtp,COT01_98_profile-id=0,video,video,114552493,T01,0,1,true,2,0,,,0,,0,283,0,0,SV244,0,0,0,0,,[object Object],bandwidth,1,,0,0,r2,3604795356,,,0,0,0
OT01V869998026,1776274902021.558,outbound-rtp,COT01_98_profile-id=0,video,video,869998026,T01,1034689,975,true,1,0,540,960,173,29,173,24828,12,4,SV244,0,0,0,0,35671,[object Object],bandwidth,1,RIV869998026,0,0,r1,495107178,L1T3,879000,2.727,0,17.990234
OT01V101428352,1776274903021.675,outbound-rtp,COT01_98_profile-id=0,video,video,101428352,T01,1212684,1956,true,0,0,270,480,615,23,615,192219,6,6,SV244,0,0,0,4,122447,[object Object],bandwidth,1,RIV101428352,0,0,r0,4265243251,L1T3,257000,3.327,0,3.4890459999999996
OT01V114552493,1776274903021.675,outbound-rtp,COT01_98_profile-id=0,video,video,114552493,T01,0,1,true,2,0,,,0,,0,283,0,0,SV244,0,0,0,0,,[object Object],bandwidth,1,,0,0,r2,3604795356,,,0,0,0
OT01V869998026,1776274903021.675,outbound-rtp,COT01_98_profile-id=0,video,video,869998026,T01,1220552,1160,true,1,0,540,960,204,30,204,31822,12,5,SV244,0,0,0,0,41908,[object Object],bandwidth,1,RIV869998026,0,0,r1,495107178,L1T3,879000,3.181,0,18.692406
OT01V101428352,1776274903021.675,outbound-rtp,COT01_98_profile-id=0,video,video,101428352,T01,1212684,1956,true,0,0,270,480,615,23,615,192219,6,6,SV244,0,0,0,4,122447,[object Object],bandwidth,1,RIV101428352,0,0,r0,4265243251,L1T3,257000,3.327,0,3.4890459999999996
OT01V114552493,1776274903021.675,outbound-rtp,COT01_98_profile-id=0,video,video,114552493,T01,0,1,true,2,0,,,0,,0,283,0,0,SV244,0,0,0,0,,[object Object],bandwidth,1,,0,0,r2,3604795356,,,0,0,0
OT01V869998026,1776274903021.675,outbound-rtp,COT01_98_profile-id=0,video,video,869998026,T01,1220552,1160,true,1,0,540,960,204,30,204,31822,12,5,SV244,0,0,0,0,41908,[object Object],bandwidth,1,RIV869998026,0,0,r1,495107178,L1T3,879000,3.181,0,18.692406
OT01V101428352,1776274904021.571,outbound-rtp,COT01_98_profile-id=0,video,video,101428352,T01,1257492,2007,true,0,0,270,480,640,25,640,193443,6,6,SV244,0,0,0,4,127611,[object Object],bandwidth,1,RIV101428352,0,0,r0,4265243251,L1T3,257000,3.479,0,3.489136
OT01V114552493,1776274904021.571,outbound-rtp,COT01_98_profile-id=0,video,video,114552493,T01,0,1,true,2,0,,,0,,0,283,0,0,SV244,0,0,0,0,,[object Object],bandwidth,1,,0,0,r2,3604795356,,,0,0,0
OT01V869998026,1776274904021.571,outbound-rtp,COT01_98_profile-id=0,video,video,869998026,T01,1416330,1350,true,1,0,540,960,233,29,233,36382,12,5,SV244,0,0,0,0,47757,[object Object],bandwidth,1,RIV869998026,0,0,r1,495107178,L1T3,879000,3.61,0,18.692784
OT01V101428352,1776274904021.571,outbound-rtp,COT01_98_profile-id=0,video,video,101428352,T01,1257492,2007,true,0,0,270,480,640,25,640,193443,6,6,SV244,0,0,0,4,127611,[object Object],bandwidth,1,RIV101428352,0,0,r0,4265243251,L1T3,257000,3.479,0,3.489136
OT01V114552493,1776274904021.571,outbound-rtp,COT01_98_profile-id=0,video,video,114552493,T01,0,1,true,2,0,,,0,,0,283,0,0,SV244,0,0,0,0,,[object Object],bandwidth,1,,0,0,r2,3604795356,,,0,0,0
OT01V869998026,1776274904021.571,outbound-rtp,COT01_98_profile-id=0,video,video,869998026,T01,1416330,1350,true,1,0,540,960,233,29,233,36382,12,5,SV244,0,0,0,0,47757,[object Object],bandwidth,1,RIV869998026,0,0,r1,495107178,L1T3,879000,3.61,0,18.692784
OT01V101428352,1776274905021.534,outbound-rtp,COT01_98_profile-id=0,video,video,101428352,T01,1299076,2056,true,0,0,270,480,665,25,665,194623,6,7,SV244,0,0,0,4,132742,[object Object],none,2,RIV101428352,0,0,r0,4265243251,L1T3,214166,3.735,0,3.604603
OT01V114552493,1776274905021.534,outbound-rtp,COT01_98_profile-id=0,video,video,114552493,T01,76101,69,true,2,0,1080,1920,10,19,10,2191,3,1,SV244,0,0,0,0,2080,[object Object],none,2,,0,0,r2,3604795356,L1T3,839999,0.219,0,12.718536
OT01V869998026,1776274905021.534,outbound-rtp,COT01_98_profile-id=0,video,video,869998026,T01,1577774,1504,true,1,0,540,960,263,29,263,40082,12,6,SV244,0,0,0,0,53798,[object Object],none,2,RIV869998026,0,0,r1,495107178,L1T3,732499,4.098,0,20.625854999999998
OT01V101428352,1776274905021.534,outbound-rtp,COT01_98_profile-id=0,video,video,101428352,T01,1299076,2056,true,0,0,270,480,665,25,665,194623,6,7,SV244,0,0,0,4,132742,[object Object],none,2,RIV101428352,0,0,r0,4265243251,L1T3,214166,3.735,0,3.604603
OT01V114552493,1776274905021.534,outbound-rtp,COT01_98_profile-id=0,video,video,114552493,T01,76101,69,true,2,0,1080,1920,10,19,10,2191,3,1,SV244,0,0,0,0,2080,[object Object],none,2,,0,0,r2,3604795356,L1T3,839999,0.219,0,12.718536
OT01V869998026,1776274905021.534,outbound-rtp,COT01_98_profile-id=0,video,video,869998026,T01,1577774,1504,true,1,0,540,960,263,29,263,40082,12,6,SV244,0,0,0,0,53798,[object Object],none,2,RIV869998026,0,0,r1,495107178,L1T3,732499,4.098,0,20.625854999999998
OT01V101428352,1776274906021.501,outbound-rtp,COT01_98_profile-id=0,video,video,101428352,T01,1324302,2090,true,0,0,270,480,692,27,692,195439,6,7,SV244,0,0,0,4,138293,[object Object],none,2,RIV101428352,0,0,r0,4265243251,L1T3,208567,4.149,0,3.869134
OT01V114552493,1776274906021.501,outbound-rtp,COT01_98_profile-id=0,video,video,114552493,T01,267915,240,true,2,0,1080,1920,20,10,20,6691,8,1,SV244,0,0,0,0,4160,[object Object],none,2,RIV114552493,0,0,r2,3604795356,L1T3,769000,0.435,0,51.850921
OT01V869998026,1776274906021.501,outbound-rtp,COT01_98_profile-id=0,video,video,869998026,T01,1673297,1598,true,1,0,540,960,291,27,291,42338,12,6,SV244,0,0,0,0,59548,[object Object],none,2,RIV869998026,0,0,r1,495107178,L1T3,707950,4.61,0,22.162164999999998
OT01V101428352,1776274906021.501,outbound-rtp,COT01_98_profile-id=0,video,video,101428352,T01,1324302,2090,true,0,0,270,480,692,27,692,195439,6,7,SV244,0,0,0,4,138293,[object Object],none,2,RIV101428352,0,0,r0,4265243251,L1T3,208567,4.149,0,3.869134
OT01V114552493,1776274906021.501,outbound-rtp,COT01_98_profile-id=0,video,video,114552493,T01,267915,240,true,2,0,1080,1920,20,10,20,6691,8,1,SV244,0,0,0,0,4160,[object Object],none,2,RIV114552493,0,0,r2,3604795356,L1T3,769000,0.435,0,51.850921
OT01V869998026,1776274906021.501,outbound-rtp,COT01_98_profile-id=0,video,video,869998026,T01,1673297,1598,true,1,0,540,960,291,27,291,42338,12,6,SV244,0,0,0,0,59548,[object Object],none,2,RIV869998026,0,0,r1,495107178,L1T3,707950,4.61,0,22.162164999999998



id,timestamp,type,bytesReceived,bytesSent,dtlsCipher,dtlsRole,dtlsState,iceLocalUsernameFragment,iceRole,iceState,localCertificateId,packetsReceived,packetsSent,remoteCertificateId,selectedCandidatePairChanges,selectedCandidatePairId,srtpCipher,tlsVersion
T01,1776274879021.661,transport,1265,35595,TLS_ECDHE_ECDSA_WITH_CHACHA20_POLY1305_SHA256,client,connected,vSqR,controlling,connected,CFB9:A9:E7:8A:6F:1F:35:22:33:57:23:64:40:E3:0A:56:2B:B8:3D:8A:44:D5:93:4C:98:B3:37:93:D2:85:41:2C,11,52,CFE9:5A:EC:A4:19:7F:B4:20:5A:79:A9:D5:A8:A3:50:A9:0E:83:53:D5:C2:E3:68:E0:DE:52:27:AA:39:27:F6:A5,1,CPTA46RNJH_ZMEYysj1,AEAD_AES_256_GCM,FEFD
T01,1776274879021.661,transport,1265,35595,TLS_ECDHE_ECDSA_WITH_CHACHA20_POLY1305_SHA256,client,connected,vSqR,controlling,connected,CFB9:A9:E7:8A:6F:1F:35:22:33:57:23:64:40:E3:0A:56:2B:B8:3D:8A:44:D5:93:4C:98:B3:37:93:D2:85:41:2C,11,52,CFE9:5A:EC:A4:19:7F:B4:20:5A:79:A9:D5:A8:A3:50:A9:0E:83:53:D5:C2:E3:68:E0:DE:52:27:AA:39:27:F6:A5,1,CPTA46RNJH_ZMEYysj1,AEAD_AES_256_GCM,FEFD
T01,1776274880021.641,transport,1885,74704,TLS_ECDHE_ECDSA_WITH_CHACHA20_POLY1305_SHA256,client,connected,vSqR,controlling,connected,CFB9:A9:E7:8A:6F:1F:35:22:33:57:23:64:40:E3:0A:56:2B:B8:3D:8A:44:D5:93:4C:98:B3:37:93:D2:85:41:2C,22,142,CFE9:5A:EC:A4:19:7F:B4:20:5A:79:A9:D5:A8:A3:50:A9:0E:83:53:D5:C2:E3:68:E0:DE:52:27:AA:39:27:F6:A5,1,CPTA46RNJH_ZMEYysj1,AEAD_AES_256_GCM,FEFD
T01,1776274880021.641,transport,1885,74704,TLS_ECDHE_ECDSA_WITH_CHACHA20_POLY1305_SHA256,client,connected,vSqR,controlling,connected,CFB9:A9:E7:8A:6F:1F:35:22:33:57:23:64:40:E3:0A:56:2B:B8:3D:8A:44:D5:93:4C:98:B3:37:93:D2:85:41:2C,22,142,CFE9:5A:EC:A4:19:7F:B4:20:5A:79:A9:D5:A8:A3:50:A9:0E:83:53:D5:C2:E3:68:E0:DE:52:27:AA:39:27:F6:A5,1,CPTA46RNJH_ZMEYysj1,AEAD_AES_256_GCM,FEFD
T01,1776274881021.582,transport,2509,117559,TLS_ECDHE_ECDSA_WITH_CHACHA20_POLY1305_SHA256,client,connected,vSqR,controlling,connected,CFB9:A9:E7:8A:6F:1F:35:22:33:57:23:64:40:E3:0A:56:2B:B8:3D:8A:44:D5:93:4C:98:B3:37:93:D2:85:41:2C,33,238,CFE9:5A:EC:A4:19:7F:B4:20:5A:79:A9:D5:A8:A3:50:A9:0E:83:53:D5:C2:E3:68:E0:DE:52:27:AA:39:27:F6:A5,1,CPTA46RNJH_ZMEYysj1,AEAD_AES_256_GCM,FEFD
T01,1776274881021.582,transport,2509,117559,TLS_ECDHE_ECDSA_WITH_CHACHA20_POLY1305_SHA256,client,connected,vSqR,controlling,connected,CFB9:A9:E7:8A:6F:1F:35:22:33:57:23:64:40:E3:0A:56:2B:B8:3D:8A:44:D5:93:4C:98:B3:37:93:D2:85:41:2C,33,238,CFE9:5A:EC:A4:19:7F:B4:20:5A:79:A9:D5:A8:A3:50:A9:0E:83:53:D5:C2:E3:68:E0:DE:52:27:AA:39:27:F6:A5,1,CPTA46RNJH_ZMEYysj1,AEAD_AES_256_GCM,FEFD
T01,1776274882021.652,transport,3077,163443,TLS_ECDHE_ECDSA_WITH_CHACHA20_POLY1305_SHA256,client,connected,vSqR,controlling,connected,CFB9:A9:E7:8A:6F:1F:35:22:33:57:23:64:40:E3:0A:56:2B:B8:3D:8A:44:D5:93:4C:98:B3:37:93:D2:85:41:2C,43,327,CFE9:5A:EC:A4:19:7F:B4:20:5A:79:A9:D5:A8:A3:50:A9:0E:83:53:D5:C2:E3:68:E0:DE:52:27:AA:39:27:F6:A5,1,CPTA46RNJH_ZMEYysj1,AEAD_AES_256_GCM,FEFD
T01,1776274882021.652,transport,3077,163443,TLS_ECDHE_ECDSA_WITH_CHACHA20_POLY1305_SHA256,client,connected,vSqR,controlling,connected,CFB9:A9:E7:8A:6F:1F:35:22:33:57:23:64:40:E3:0A:56:2B:B8:3D:8A:44:D5:93:4C:98:B3:37:93:D2:85:41:2C,43,327,CFE9:5A:EC:A4:19:7F:B4:20:5A:79:A9:D5:A8:A3:50:A9:0E:83:53:D5:C2:E3:68:E0:DE:52:27:AA:39:27:F6:A5,1,CPTA46RNJH_ZMEYysj1,AEAD_AES_256_GCM,FEFD
T01,1776274883021.648,transport,3697,214881,TLS_ECDHE_ECDSA_WITH_CHACHA20_POLY1305_SHA256,client,connected,vSqR,controlling,connected,CFB9:A9:E7:8A:6F:1F:35:22:33:57:23:64:40:E3:0A:56:2B:B8:3D:8A:44:D5:93:4C:98:B3:37:93:D2:85:41:2C,54,430,CFE9:5A:EC:A4:19:7F:B4:20:5A:79:A9:D5:A8:A3:50:A9:0E:83:53:D5:C2:E3:68:E0:DE:52:27:AA:39:27:F6:A5,1,CPTA46RNJH_ZMEYysj1,AEAD_AES_256_GCM,FEFD
T01,1776274883021.648,transport,3697,214881,TLS_ECDHE_ECDSA_WITH_CHACHA20_POLY1305_SHA256,client,connected,vSqR,controlling,connected,CFB9:A9:E7:8A:6F:1F:35:22:33:57:23:64:40:E3:0A:56:2B:B8:3D:8A:44:D5:93:4C:98:B3:37:93:D2:85:41:2C,54,430,CFE9:5A:EC:A4:19:7F:B4:20:5A:79:A9:D5:A8:A3:50:A9:0E:83:53:D5:C2:E3:68:E0:DE:52:27:AA:39:27:F6:A5,1,CPTA46RNJH_ZMEYysj1,AEAD_AES_256_GCM,FEFD
T01,1776274884021.602,transport,4329,268228,TLS_ECDHE_ECDSA_WITH_CHACHA20_POLY1305_SHA256,client,connected,vSqR,controlling,connected,CFB9:A9:E7:8A:6F:1F:35:22:33:57:23:64:40:E3:0A:56:2B:B8:3D:8A:44:D5:93:4C:98:B3:37:93:D2:85:41:2C,65,532,CFE9:5A:EC:A4:19:7F:B4:20:5A:79:A9:D5:A8:A3:50:A9:0E:83:53:D5:C2:E3:68:E0:DE:52:27:AA:39:27:F6:A5,1,CPTA46RNJH_ZMEYysj1,AEAD_AES_256_GCM,FEFD
T01,1776274884021.602,transport,4329,268228,TLS_ECDHE_ECDSA_WITH_CHACHA20_POLY1305_SHA256,client,connected,vSqR,controlling,connected,CFB9:A9:E7:8A:6F:1F:35:22:33:57:23:64:40:E3:0A:56:2B:B8:3D:8A:44:D5:93:4C:98:B3:37:93:D2:85:41:2C,65,532,CFE9:5A:EC:A4:19:7F:B4:20:5A:79:A9:D5:A8:A3:50:A9:0E:83:53:D5:C2:E3:68:E0:DE:52:27:AA:39:27:F6:A5,1,CPTA46RNJH_ZMEYysj1,AEAD_AES_256_GCM,FEFD
T01,1776274885021.629,transport,4873,326864,TLS_ECDHE_ECDSA_WITH_CHACHA20_POLY1305_SHA256,client,connected,vSqR,controlling,connected,CFB9:A9:E7:8A:6F:1F:35:22:33:57:23:64:40:E3:0A:56:2B:B8:3D:8A:44:D5:93:4C:98:B3:37:93:D2:85:41:2C,75,641,CFE9:5A:EC:A4:19:7F:B4:20:5A:79:A9:D5:A8:A3:50:A9:0E:83:53:D5:C2:E3:68:E0:DE:52:27:AA:39:27:F6:A5,1,CPTA46RNJH_ZMEYysj1,AEAD_AES_256_GCM,FEFD
T01,1776274885021.629,transport,4873,326864,TLS_ECDHE_ECDSA_WITH_CHACHA20_POLY1305_SHA256,client,connected,vSqR,controlling,connected,CFB9:A9:E7:8A:6F:1F:35:22:33:57:23:64:40:E3:0A:56:2B:B8:3D:8A:44:D5:93:4C:98:B3:37:93:D2:85:41:2C,75,641,CFE9:5A:EC:A4:19:7F:B4:20:5A:79:A9:D5:A8:A3:50:A9:0E:83:53:D5:C2:E3:68:E0:DE:52:27:AA:39:27:F6:A5,1,CPTA46RNJH_ZMEYysj1,AEAD_AES_256_GCM,FEFD
T01,1776274886021.616,transport,5533,391094,TLS_ECDHE_ECDSA_WITH_CHACHA20_POLY1305_SHA256,client,connected,vSqR,controlling,connected,CFB9:A9:E7:8A:6F:1F:35:22:33:57:23:64:40:E3:0A:56:2B:B8:3D:8A:44:D5:93:4C:98:B3:37:93:D2:85:41:2C,86,766,CFE9:5A:EC:A4:19:7F:B4:20:5A:79:A9:D5:A8:A3:50:A9:0E:83:53:D5:C2:E3:68:E0:DE:52:27:AA:39:27:F6:A5,1,CPTA46RNJH_ZMEYysj1,AEAD_AES_256_GCM,FEFD
T01,1776274886021.616,transport,5533,391094,TLS_ECDHE_ECDSA_WITH_CHACHA20_POLY1305_SHA256,client,connected,vSqR,controlling,connected,CFB9:A9:E7:8A:6F:1F:35:22:33:57:23:64:40:E3:0A:56:2B:B8:3D:8A:44:D5:93:4C:98:B3:37:93:D2:85:41:2C,86,766,CFE9:5A:EC:A4:19:7F:B4:20:5A:79:A9:D5:A8:A3:50:A9:0E:83:53:D5:C2:E3:68:E0:DE:52:27:AA:39:27:F6:A5,1,CPTA46RNJH_ZMEYysj1,AEAD_AES_256_GCM,FEFD
T01,1776274887021.654,transport,6217,456604,TLS_ECDHE_ECDSA_WITH_CHACHA20_POLY1305_SHA256,client,connected,vSqR,controlling,connected,CFB9:A9:E7:8A:6F:1F:35:22:33:57:23:64:40:E3:0A:56:2B:B8:3D:8A:44:D5:93:4C:98:B3:37:93:D2:85:41:2C,97,921,CFE9:5A:EC:A4:19:7F:B4:20:5A:79:A9:D5:A8:A3:50:A9:0E:83:53:D5:C2:E3:68:E0:DE:52:27:AA:39:27:F6:A5,1,CPTA46RNJH_ZMEYysj1,AEAD_AES_256_GCM,FEFD
T01,1776274887021.654,transport,6217,456604,TLS_ECDHE_ECDSA_WITH_CHACHA20_POLY1305_SHA256,client,connected,vSqR,controlling,connected,CFB9:A9:E7:8A:6F:1F:35:22:33:57:23:64:40:E3:0A:56:2B:B8:3D:8A:44:D5:93:4C:98:B3:37:93:D2:85:41:2C,97,921,CFE9:5A:EC:A4:19:7F:B4:20:5A:79:A9:D5:A8:A3:50:A9:0E:83:53:D5:C2:E3:68:E0:DE:52:27:AA:39:27:F6:A5,1,CPTA46RNJH_ZMEYysj1,AEAD_AES_256_GCM,FEFD
T01,1776274888021.653,transport,6861,530871,TLS_ECDHE_ECDSA_WITH_CHACHA20_POLY1305_SHA256,client,connected,vSqR,controlling,connected,CFB9:A9:E7:8A:6F:1F:35:22:33:57:23:64:40:E3:0A:56:2B:B8:3D:8A:44:D5:93:4C:98:B3:37:93:D2:85:41:2C,108,1028,CFE9:5A:EC:A4:19:7F:B4:20:5A:79:A9:D5:A8:A3:50:A9:0E:83:53:D5:C2:E3:68:E0:DE:52:27:AA:39:27:F6:A5,1,CPTA46RNJH_ZMEYysj1,AEAD_AES_256_GCM,FEFD
T01,1776274888021.653,transport,6861,530871,TLS_ECDHE_ECDSA_WITH_CHACHA20_POLY1305_SHA256,client,connected,vSqR,controlling,connected,CFB9:A9:E7:8A:6F:1F:35:22:33:57:23:64:40:E3:0A:56:2B:B8:3D:8A:44:D5:93:4C:98:B3:37:93:D2:85:41:2C,108,1028,CFE9:5A:EC:A4:19:7F:B4:20:5A:79:A9:D5:A8:A3:50:A9:0E:83:53:D5:C2:E3:68:E0:DE:52:27:AA:39:27:F6:A5,1,CPTA46RNJH_ZMEYysj1,AEAD_AES_256_GCM,FEFD
T01,1776274889021.606,transport,7381,610546,TLS_ECDHE_ECDSA_WITH_CHACHA20_POLY1305_SHA256,client,connected,vSqR,controlling,connected,CFB9:A9:E7:8A:6F:1F:35:22:33:57:23:64:40:E3:0A:56:2B:B8:3D:8A:44:D5:93:4C:98:B3:37:93:D2:85:41:2C,118,1113,CFE9:5A:EC:A4:19:7F:B4:20:5A:79:A9:D5:A8:A3:50:A9:0E:83:53:D5:C2:E3:68:E0:DE:52:27:AA:39:27:F6:A5,1,CPTA46RNJH_ZMEYysj1,AEAD_AES_256_GCM,FEFD
T01,1776274889021.606,transport,7381,610546,TLS_ECDHE_ECDSA_WITH_CHACHA20_POLY1305_SHA256,client,connected,vSqR,controlling,connected,CFB9:A9:E7:8A:6F:1F:35:22:33:57:23:64:40:E3:0A:56:2B:B8:3D:8A:44:D5:93:4C:98:B3:37:93:D2:85:41:2C,118,1113,CFE9:5A:EC:A4:19:7F:B4:20:5A:79:A9:D5:A8:A3:50:A9:0E:83:53:D5:C2:E3:68:E0:DE:52:27:AA:39:27:F6:A5,1,CPTA46RNJH_ZMEYysj1,AEAD_AES_256_GCM,FEFD
T01,1776274890021.616,transport,8001,700914,TLS_ECDHE_ECDSA_WITH_CHACHA20_POLY1305_SHA256,client,connected,vSqR,controlling,connected,CFB9:A9:E7:8A:6F:1F:35:22:33:57:23:64:40:E3:0A:56:2B:B8:3D:8A:44:D5:93:4C:98:B3:37:93:D2:85:41:2C,129,1212,CFE9:5A:EC:A4:19:7F:B4:20:5A:79:A9:D5:A8:A3:50:A9:0E:83:53:D5:C2:E3:68:E0:DE:52:27:AA:39:27:F6:A5,1,CPTA46RNJH_ZMEYysj1,AEAD_AES_256_GCM,FEFD
T01,1776274890021.616,transport,8001,700914,TLS_ECDHE_ECDSA_WITH_CHACHA20_POLY1305_SHA256,client,connected,vSqR,controlling,connected,CFB9:A9:E7:8A:6F:1F:35:22:33:57:23:64:40:E3:0A:56:2B:B8:3D:8A:44:D5:93:4C:98:B3:37:93:D2:85:41:2C,129,1212,CFE9:5A:EC:A4:19:7F:B4:20:5A:79:A9:D5:A8:A3:50:A9:0E:83:53:D5:C2:E3:68:E0:DE:52:27:AA:39:27:F6:A5,1,CPTA46RNJH_ZMEYysj1,AEAD_AES_256_GCM,FEFD
T01,1776274891021.652,transport,8657,806021,TLS_ECDHE_ECDSA_WITH_CHACHA20_POLY1305_SHA256,client,connected,vSqR,controlling,connected,CFB9:A9:E7:8A:6F:1F:35:22:33:57:23:64:40:E3:0A:56:2B:B8:3D:8A:44:D5:93:4C:98:B3:37:93:D2:85:41:2C,140,1321,CFE9:5A:EC:A4:19:7F:B4:20:5A:79:A9:D5:A8:A3:50:A9:0E:83:53:D5:C2:E3:68:E0:DE:52:27:AA:39:27:F6:A5,1,CPTA46RNJH_ZMEYysj1,AEAD_AES_256_GCM,FEFD
T01,1776274891021.652,transport,8657,806021,TLS_ECDHE_ECDSA_WITH_CHACHA20_POLY1305_SHA256,client,connected,vSqR,controlling,connected,CFB9:A9:E7:8A:6F:1F:35:22:33:57:23:64:40:E3:0A:56:2B:B8:3D:8A:44:D5:93:4C:98:B3:37:93:D2:85:41:2C,140,1321,CFE9:5A:EC:A4:19:7F:B4:20:5A:79:A9:D5:A8:A3:50:A9:0E:83:53:D5:C2:E3:68:E0:DE:52:27:AA:39:27:F6:A5,1,CPTA46RNJH_ZMEYysj1,AEAD_AES_256_GCM,FEFD
T01,1776274892021.651,transport,9321,894462,TLS_ECDHE_ECDSA_WITH_CHACHA20_POLY1305_SHA256,client,connected,vSqR,controlling,connected,CFB9:A9:E7:8A:6F:1F:35:22:33:57:23:64:40:E3:0A:56:2B:B8:3D:8A:44:D5:93:4C:98:B3:37:93:D2:85:41:2C,151,1412,CFE9:5A:EC:A4:19:7F:B4:20:5A:79:A9:D5:A8:A3:50:A9:0E:83:53:D5:C2:E3:68:E0:DE:52:27:AA:39:27:F6:A5,1,CPTA46RNJH_ZMEYysj1,AEAD_AES_256_GCM,FEFD
T01,1776274892021.651,transport,9321,894462,TLS_ECDHE_ECDSA_WITH_CHACHA20_POLY1305_SHA256,client,connected,vSqR,controlling,connected,CFB9:A9:E7:8A:6F:1F:35:22:33:57:23:64:40:E3:0A:56:2B:B8:3D:8A:44:D5:93:4C:98:B3:37:93:D2:85:41:2C,151,1412,CFE9:5A:EC:A4:19:7F:B4:20:5A:79:A9:D5:A8:A3:50:A9:0E:83:53:D5:C2:E3:68:E0:DE:52:27:AA:39:27:F6:A5,1,CPTA46RNJH_ZMEYysj1,AEAD_AES_256_GCM,FEFD
T01,1776274893021.566,transport,9897,1004763,TLS_ECDHE_ECDSA_WITH_CHACHA20_POLY1305_SHA256,client,connected,vSqR,controlling,connected,CFB9:A9:E7:8A:6F:1F:35:22:33:57:23:64:40:E3:0A:56:2B:B8:3D:8A:44:D5:93:4C:98:B3:37:93:D2:85:41:2C,162,1520,CFE9:5A:EC:A4:19:7F:B4:20:5A:79:A9:D5:A8:A3:50:A9:0E:83:53:D5:C2:E3:68:E0:DE:52:27:AA:39:27:F6:A5,1,CPTA46RNJH_ZMEYysj1,AEAD_AES_256_GCM,FEFD
T01,1776274893021.566,transport,9897,1004763,TLS_ECDHE_ECDSA_WITH_CHACHA20_POLY1305_SHA256,client,connected,vSqR,controlling,connected,CFB9:A9:E7:8A:6F:1F:35:22:33:57:23:64:40:E3:0A:56:2B:B8:3D:8A:44:D5:93:4C:98:B3:37:93:D2:85:41:2C,162,1520,CFE9:5A:EC:A4:19:7F:B4:20:5A:79:A9:D5:A8:A3:50:A9:0E:83:53:D5:C2:E3:68:E0:DE:52:27:AA:39:27:F6:A5,1,CPTA46RNJH_ZMEYysj1,AEAD_AES_256_GCM,FEFD
T01,1776274894021.618,transport,10589,1121599,TLS_ECDHE_ECDSA_WITH_CHACHA20_POLY1305_SHA256,client,connected,vSqR,controlling,connected,CFB9:A9:E7:8A:6F:1F:35:22:33:57:23:64:40:E3:0A:56:2B:B8:3D:8A:44:D5:93:4C:98:B3:37:93:D2:85:41:2C,173,1629,CFE9:5A:EC:A4:19:7F:B4:20:5A:79:A9:D5:A8:A3:50:A9:0E:83:53:D5:C2:E3:68:E0:DE:52:27:AA:39:27:F6:A5,1,CPTA46RNJH_ZMEYysj1,AEAD_AES_256_GCM,FEFD
T01,1776274894021.618,transport,10589,1121599,TLS_ECDHE_ECDSA_WITH_CHACHA20_POLY1305_SHA256,client,connected,vSqR,controlling,connected,CFB9:A9:E7:8A:6F:1F:35:22:33:57:23:64:40:E3:0A:56:2B:B8:3D:8A:44:D5:93:4C:98:B3:37:93:D2:85:41:2C,173,1629,CFE9:5A:EC:A4:19:7F:B4:20:5A:79:A9:D5:A8:A3:50:A9:0E:83:53:D5:C2:E3:68:E0:DE:52:27:AA:39:27:F6:A5,1,CPTA46RNJH_ZMEYysj1,AEAD_AES_256_GCM,FEFD
T01,1776274895021.669,transport,11285,1248755,TLS_ECDHE_ECDSA_WITH_CHACHA20_POLY1305_SHA256,client,connected,vSqR,controlling,connected,CFB9:A9:E7:8A:6F:1F:35:22:33:57:23:64:40:E3:0A:56:2B:B8:3D:8A:44:D5:93:4C:98:B3:37:93:D2:85:41:2C,184,1753,CFE9:5A:EC:A4:19:7F:B4:20:5A:79:A9:D5:A8:A3:50:A9:0E:83:53:D5:C2:E3:68:E0:DE:52:27:AA:39:27:F6:A5,1,CPTA46RNJH_ZMEYysj1,AEAD_AES_256_GCM,FEFD
T01,1776274895021.669,transport,11285,1248755,TLS_ECDHE_ECDSA_WITH_CHACHA20_POLY1305_SHA256,client,connected,vSqR,controlling,connected,CFB9:A9:E7:8A:6F:1F:35:22:33:57:23:64:40:E3:0A:56:2B:B8:3D:8A:44:D5:93:4C:98:B3:37:93:D2:85:41:2C,184,1753,CFE9:5A:EC:A4:19:7F:B4:20:5A:79:A9:D5:A8:A3:50:A9:0E:83:53:D5:C2:E3:68:E0:DE:52:27:AA:39:27:F6:A5,1,CPTA46RNJH_ZMEYysj1,AEAD_AES_256_GCM,FEFD
T01,1776274896021.652,transport,11993,1385907,TLS_ECDHE_ECDSA_WITH_CHACHA20_POLY1305_SHA256,client,connected,vSqR,controlling,connected,CFB9:A9:E7:8A:6F:1F:35:22:33:57:23:64:40:E3:0A:56:2B:B8:3D:8A:44:D5:93:4C:98:B3:37:93:D2:85:41:2C,195,1886,CFE9:5A:EC:A4:19:7F:B4:20:5A:79:A9:D5:A8:A3:50:A9:0E:83:53:D5:C2:E3:68:E0:DE:52:27:AA:39:27:F6:A5,1,CPTA46RNJH_ZMEYysj1,AEAD_AES_256_GCM,FEFD
T01,1776274896021.652,transport,11993,1385907,TLS_ECDHE_ECDSA_WITH_CHACHA20_POLY1305_SHA256,client,connected,vSqR,controlling,connected,CFB9:A9:E7:8A:6F:1F:35:22:33:57:23:64:40:E3:0A:56:2B:B8:3D:8A:44:D5:93:4C:98:B3:37:93:D2:85:41:2C,195,1886,CFE9:5A:EC:A4:19:7F:B4:20:5A:79:A9:D5:A8:A3:50:A9:0E:83:53:D5:C2:E3:68:E0:DE:52:27:AA:39:27:F6:A5,1,CPTA46RNJH_ZMEYysj1,AEAD_AES_256_GCM,FEFD
T01,1776274897021.553,transport,12737,1540129,TLS_ECDHE_ECDSA_WITH_CHACHA20_POLY1305_SHA256,client,connected,vSqR,controlling,connected,CFB9:A9:E7:8A:6F:1F:35:22:33:57:23:64:40:E3:0A:56:2B:B8:3D:8A:44:D5:93:4C:98:B3:37:93:D2:85:41:2C,207,2032,CFE9:5A:EC:A4:19:7F:B4:20:5A:79:A9:D5:A8:A3:50:A9:0E:83:53:D5:C2:E3:68:E0:DE:52:27:AA:39:27:F6:A5,1,CPTA46RNJH_ZMEYysj1,AEAD_AES_256_GCM,FEFD
T01,1776274897021.553,transport,12737,1540129,TLS_ECDHE_ECDSA_WITH_CHACHA20_POLY1305_SHA256,client,connected,vSqR,controlling,connected,CFB9:A9:E7:8A:6F:1F:35:22:33:57:23:64:40:E3:0A:56:2B:B8:3D:8A:44:D5:93:4C:98:B3:37:93:D2:85:41:2C,207,2032,CFE9:5A:EC:A4:19:7F:B4:20:5A:79:A9:D5:A8:A3:50:A9:0E:83:53:D5:C2:E3:68:E0:DE:52:27:AA:39:27:F6:A5,1,CPTA46RNJH_ZMEYysj1,AEAD_AES_256_GCM,FEFD
T01,1776274898021.663,transport,13477,1695541,TLS_ECDHE_ECDSA_WITH_CHACHA20_POLY1305_SHA256,client,connected,vSqR,controlling,connected,CFB9:A9:E7:8A:6F:1F:35:22:33:57:23:64:40:E3:0A:56:2B:B8:3D:8A:44:D5:93:4C:98:B3:37:93:D2:85:41:2C,218,2178,CFE9:5A:EC:A4:19:7F:B4:20:5A:79:A9:D5:A8:A3:50:A9:0E:83:53:D5:C2:E3:68:E0:DE:52:27:AA:39:27:F6:A5,1,CPTA46RNJH_ZMEYysj1,AEAD_AES_256_GCM,FEFD
T01,1776274898021.663,transport,13477,1695541,TLS_ECDHE_ECDSA_WITH_CHACHA20_POLY1305_SHA256,client,connected,vSqR,controlling,connected,CFB9:A9:E7:8A:6F:1F:35:22:33:57:23:64:40:E3:0A:56:2B:B8:3D:8A:44:D5:93:4C:98:B3:37:93:D2:85:41:2C,218,2178,CFE9:5A:EC:A4:19:7F:B4:20:5A:79:A9:D5:A8:A3:50:A9:0E:83:53:D5:C2:E3:68:E0:DE:52:27:AA:39:27:F6:A5,1,CPTA46RNJH_ZMEYysj1,AEAD_AES_256_GCM,FEFD
T01,1776274899021.657,transport,14069,1869535,TLS_ECDHE_ECDSA_WITH_CHACHA20_POLY1305_SHA256,client,connected,vSqR,controlling,connected,CFB9:A9:E7:8A:6F:1F:35:22:33:57:23:64:40:E3:0A:56:2B:B8:3D:8A:44:D5:93:4C:98:B3:37:93:D2:85:41:2C,228,2347,CFE9:5A:EC:A4:19:7F:B4:20:5A:79:A9:D5:A8:A3:50:A9:0E:83:53:D5:C2:E3:68:E0:DE:52:27:AA:39:27:F6:A5,1,CPTA46RNJH_ZMEYysj1,AEAD_AES_256_GCM,FEFD
T01,1776274899021.657,transport,14069,1869535,TLS_ECDHE_ECDSA_WITH_CHACHA20_POLY1305_SHA256,client,connected,vSqR,controlling,connected,CFB9:A9:E7:8A:6F:1F:35:22:33:57:23:64:40:E3:0A:56:2B:B8:3D:8A:44:D5:93:4C:98:B3:37:93:D2:85:41:2C,228,2347,CFE9:5A:EC:A4:19:7F:B4:20:5A:79:A9:D5:A8:A3:50:A9:0E:83:53:D5:C2:E3:68:E0:DE:52:27:AA:39:27:F6:A5,1,CPTA46RNJH_ZMEYysj1,AEAD_AES_256_GCM,FEFD
T01,1776274900021.637,transport,14857,2054551,TLS_ECDHE_ECDSA_WITH_CHACHA20_POLY1305_SHA256,client,connected,vSqR,controlling,connected,CFB9:A9:E7:8A:6F:1F:35:22:33:57:23:64:40:E3:0A:56:2B:B8:3D:8A:44:D5:93:4C:98:B3:37:93:D2:85:41:2C,240,2523,CFE9:5A:EC:A4:19:7F:B4:20:5A:79:A9:D5:A8:A3:50:A9:0E:83:53:D5:C2:E3:68:E0:DE:52:27:AA:39:27:F6:A5,1,CPTA46RNJH_ZMEYysj1,AEAD_AES_256_GCM,FEFD
T01,1776274900021.637,transport,14857,2054551,TLS_ECDHE_ECDSA_WITH_CHACHA20_POLY1305_SHA256,client,connected,vSqR,controlling,connected,CFB9:A9:E7:8A:6F:1F:35:22:33:57:23:64:40:E3:0A:56:2B:B8:3D:8A:44:D5:93:4C:98:B3:37:93:D2:85:41:2C,240,2523,CFE9:5A:EC:A4:19:7F:B4:20:5A:79:A9:D5:A8:A3:50:A9:0E:83:53:D5:C2:E3:68:E0:DE:52:27:AA:39:27:F6:A5,1,CPTA46RNJH_ZMEYysj1,AEAD_AES_256_GCM,FEFD
T01,1776274901021.661,transport,15621,2257279,TLS_ECDHE_ECDSA_WITH_CHACHA20_POLY1305_SHA256,client,connected,vSqR,controlling,connected,CFB9:A9:E7:8A:6F:1F:35:22:33:57:23:64:40:E3:0A:56:2B:B8:3D:8A:44:D5:93:4C:98:B3:37:93:D2:85:41:2C,251,2721,CFE9:5A:EC:A4:19:7F:B4:20:5A:79:A9:D5:A8:A3:50:A9:0E:83:53:D5:C2:E3:68:E0:DE:52:27:AA:39:27:F6:A5,1,CPTA46RNJH_ZMEYysj1,AEAD_AES_256_GCM,FEFD
T01,1776274901021.661,transport,15621,2257279,TLS_ECDHE_ECDSA_WITH_CHACHA20_POLY1305_SHA256,client,connected,vSqR,controlling,connected,CFB9:A9:E7:8A:6F:1F:35:22:33:57:23:64:40:E3:0A:56:2B:B8:3D:8A:44:D5:93:4C:98:B3:37:93:D2:85:41:2C,251,2721,CFE9:5A:EC:A4:19:7F:B4:20:5A:79:A9:D5:A8:A3:50:A9:0E:83:53:D5:C2:E3:68:E0:DE:52:27:AA:39:27:F6:A5,1,CPTA46RNJH_ZMEYysj1,AEAD_AES_256_GCM,FEFD
T01,1776274902021.558,transport,16417,2474735,TLS_ECDHE_ECDSA_WITH_CHACHA20_POLY1305_SHA256,client,connected,vSqR,controlling,connected,CFB9:A9:E7:8A:6F:1F:35:22:33:57:23:64:40:E3:0A:56:2B:B8:3D:8A:44:D5:93:4C:98:B3:37:93:D2:85:41:2C,262,2942,CFE9:5A:EC:A4:19:7F:B4:20:5A:79:A9:D5:A8:A3:50:A9:0E:83:53:D5:C2:E3:68:E0:DE:52:27:AA:39:27:F6:A5,1,CPTA46RNJH_ZMEYysj1,AEAD_AES_256_GCM,FEFD
T01,1776274902021.558,transport,16417,2474735,TLS_ECDHE_ECDSA_WITH_CHACHA20_POLY1305_SHA256,client,connected,vSqR,controlling,connected,CFB9:A9:E7:8A:6F:1F:35:22:33:57:23:64:40:E3:0A:56:2B:B8:3D:8A:44:D5:93:4C:98:B3:37:93:D2:85:41:2C,262,2942,CFE9:5A:EC:A4:19:7F:B4:20:5A:79:A9:D5:A8:A3:50:A9:0E:83:53:D5:C2:E3:68:E0:DE:52:27:AA:39:27:F6:A5,1,CPTA46RNJH_ZMEYysj1,AEAD_AES_256_GCM,FEFD
T01,1776274903021.675,transport,17257,2712410,TLS_ECDHE_ECDSA_WITH_CHACHA20_POLY1305_SHA256,client,connected,vSqR,controlling,connected,CFB9:A9:E7:8A:6F:1F:35:22:33:57:23:64:40:E3:0A:56:2B:B8:3D:8A:44:D5:93:4C:98:B3:37:93:D2:85:41:2C,274,3177,CFE9:5A:EC:A4:19:7F:B4:20:5A:79:A9:D5:A8:A3:50:A9:0E:83:53:D5:C2:E3:68:E0:DE:52:27:AA:39:27:F6:A5,1,CPTA46RNJH_ZMEYysj1,AEAD_AES_256_GCM,FEFD
T01,1776274903021.675,transport,17257,2712410,TLS_ECDHE_ECDSA_WITH_CHACHA20_POLY1305_SHA256,client,connected,vSqR,controlling,connected,CFB9:A9:E7:8A:6F:1F:35:22:33:57:23:64:40:E3:0A:56:2B:B8:3D:8A:44:D5:93:4C:98:B3:37:93:D2:85:41:2C,274,3177,CFE9:5A:EC:A4:19:7F:B4:20:5A:79:A9:D5:A8:A3:50:A9:0E:83:53:D5:C2:E3:68:E0:DE:52:27:AA:39:27:F6:A5,1,CPTA46RNJH_ZMEYysj1,AEAD_AES_256_GCM,FEFD
T01,1776274904021.571,transport,18085,2962900,TLS_ECDHE_ECDSA_WITH_CHACHA20_POLY1305_SHA256,client,connected,vSqR,controlling,connected,CFB9:A9:E7:8A:6F:1F:35:22:33:57:23:64:40:E3:0A:56:2B:B8:3D:8A:44:D5:93:4C:98:B3:37:93:D2:85:41:2C,285,3422,CFE9:5A:EC:A4:19:7F:B4:20:5A:79:A9:D5:A8:A3:50:A9:0E:83:53:D5:C2:E3:68:E0:DE:52:27:AA:39:27:F6:A5,1,CPTA46RNJH_ZMEYysj1,AEAD_AES_256_GCM,FEFD
T01,1776274904021.571,transport,18085,2962900,TLS_ECDHE_ECDSA_WITH_CHACHA20_POLY1305_SHA256,client,connected,vSqR,controlling,connected,CFB9:A9:E7:8A:6F:1F:35:22:33:57:23:64:40:E3:0A:56:2B:B8:3D:8A:44:D5:93:4C:98:B3:37:93:D2:85:41:2C,285,3422,CFE9:5A:EC:A4:19:7F:B4:20:5A:79:A9:D5:A8:A3:50:A9:0E:83:53:D5:C2:E3:68:E0:DE:52:27:AA:39:27:F6:A5,1,CPTA46RNJH_ZMEYysj1,AEAD_AES_256_GCM,FEFD
T01,1776274905021.534,transport,18785,3253501,TLS_ECDHE_ECDSA_WITH_CHACHA20_POLY1305_SHA256,client,connected,vSqR,controlling,connected,CFB9:A9:E7:8A:6F:1F:35:22:33:57:23:64:40:E3:0A:56:2B:B8:3D:8A:44:D5:93:4C:98:B3:37:93:D2:85:41:2C,295,3698,CFE9:5A:EC:A4:19:7F:B4:20:5A:79:A9:D5:A8:A3:50:A9:0E:83:53:D5:C2:E3:68:E0:DE:52:27:AA:39:27:F6:A5,1,CPTA46RNJH_ZMEYysj1,AEAD_AES_256_GCM,FEFD
T01,1776274905021.534,transport,18785,3253501,TLS_ECDHE_ECDSA_WITH_CHACHA20_POLY1305_SHA256,client,connected,vSqR,controlling,connected,CFB9:A9:E7:8A:6F:1F:35:22:33:57:23:64:40:E3:0A:56:2B:B8:3D:8A:44:D5:93:4C:98:B3:37:93:D2:85:41:2C,295,3698,CFE9:5A:EC:A4:19:7F:B4:20:5A:79:A9:D5:A8:A3:50:A9:0E:83:53:D5:C2:E3:68:E0:DE:52:27:AA:39:27:F6:A5,1,CPTA46RNJH_ZMEYysj1,AEAD_AES_256_GCM,FEFD
T01,1776274906021.501,transport,19685,3578732,TLS_ECDHE_ECDSA_WITH_CHACHA20_POLY1305_SHA256,client,connected,vSqR,controlling,connected,CFB9:A9:E7:8A:6F:1F:35:22:33:57:23:64:40:E3:0A:56:2B:B8:3D:8A:44:D5:93:4C:98:B3:37:93:D2:85:41:2C,306,4001,CFE9:5A:EC:A4:19:7F:B4:20:5A:79:A9:D5:A8:A3:50:A9:0E:83:53:D5:C2:E3:68:E0:DE:52:27:AA:39:27:F6:A5,1,CPTA46RNJH_ZMEYysj1,AEAD_AES_256_GCM,FEFD
T01,1776274906021.501,transport,19685,3578732,TLS_ECDHE_ECDSA_WITH_CHACHA20_POLY1305_SHA256,client,connected,vSqR,controlling,connected,CFB9:A9:E7:8A:6F:1F:35:22:33:57:23:64:40:E3:0A:56:2B:B8:3D:8A:44:D5:93:4C:98:B3:37:93:D2:85:41:2C,306,4001,CFE9:5A:EC:A4:19:7F:B4:20:5A:79:A9:D5:A8:A3:50:A9:0E:83:53:D5:C2:E3:68:E0:DE:52:27:AA:39:27:F6:A5,1,CPTA46RNJH_ZMEYysj1,AEAD_AES_256_GCM,FEFD

track,timestamp,framerate,width,height
0,1776274879023,30,1920,1080
0,1776274880022,30,1920,1080
0,1776274881022,30,1920,1080
0,1776274882022,30,1920,1080
0,1776274883022,30,1920,1080
0,1776274884022,30,1920,1080
0,1776274885022,30,1920,1080
0,1776274886022,30,1920,1080
0,1776274887022,30,1920,1080
0,1776274888022,30,1920,1080
0,1776274889022,30,1920,1080
0,1776274890022,30,1920,1080
0,1776274891022,30,1920,1080
0,1776274892022,30,1920,1080
0,1776274893022,30,1920,1080
0,1776274894022,30,1920,1080
0,1776274895022,30,1920,1080
0,1776274896022,30,1920,1080
0,1776274897022,30,1920,1080
0,1776274898022,30,1920,1080
0,1776274899022,30,1920,1080
0,1776274900022,30,1920,1080
0,1776274901022,30,1920,1080
0,1776274902022,30,1920,1080
0,1776274903022,30,1920,1080
0,1776274904022,30,1920,1080
0,1776274905021,30,1920,1080
0,1776274906021,30,1920,1080