id,timestamp,type,codecId,kind,mediaType,ssrc,transportId,bytesSent,packetsSent,active,encodingIndex,firCount,frameHeight,frameWidth,framesEncoded,framesPerSecond,framesSent,headerBytesSent,hugeFramesSent,keyFramesEncoded,mediaSourceId,mid,nackCount,packetsSentWithEct1,pliCount,qpSum,qualityLimitationDurations,qualityLimitationReason,qualityLimitationResolutionChanges,remoteId,retransmittedBytesSent,retransmittedPacketsSent,rtxSsrc,scalabilityMode,targetBitrate,totalEncodeTime,totalEncodedBytesTarget,totalPacketSendDelay
OT01V1146761726,1776276643021.759,outbound-rtp,COT01_45_level-idx=5;profile=0;tier=0,video,video,1146761726,T01,34465,49,true,0,0,270,480,26,27,26,2306,4,2,SV293,0,0,0,1,5135,[object Object],bandwidth,0,RIV1146761726,0,0,1958493446,S3T3,214167,0.13,0,3.000492
OT01V1146761726,1776276643021.759,outbound-rtp,COT01_45_level-idx=5;profile=0;tier=0,video,video,1146761726,T01,34465,49,true,0,0,270,480,26,27,26,2306,4,2,SV293,0,0,0,1,5135,[object Object],bandwidth,0,RIV1146761726,0,0,1958493446,S3T3,214167,0.13,0,3.000492
OT01V1146761726,1776276644021.597,outbound-rtp,COT01_45_level-idx=5;profile=0;tier=0,video,video,1146761726,T01,60750,119,true,0,0,270,480,50,24,50,12769,5,3,SV293,0,0,0,2,9886,[object Object],bandwidth,0,RIV1146761726,0,0,1958493446,S3T3,161369,0.263,0,4.131126
OT01V1146761726,1776276644021.597,outbound-rtp,COT01_45_level-idx=5;profile=0;tier=0,video,video,1146761726,T01,60750,119,true,0,0,270,480,50,24,50,12769,5,3,SV293,0,0,0,2,9886,[object Object],bandwidth,0,RIV1146761726,0,0,1958493446,S3T3,161369,0.263,0,4.131126
OT01V1146761726,1776276645021.592,outbound-rtp,COT01_45_level-idx=5;profile=0;tier=0,video,video,1146761726,T01,81092,225,true,0,0,270,480,78,27,78,33451,5,3,SV293,0,0,0,2,15611,[object Object],bandwidth,0,RIV1146761726,0,0,1958493446,S3T3,195111,0.396,0,4.131161
OT01V1146761726,1776276645021.592,outbound-rtp,COT01_45_level-idx=5;profile=0;tier=0,video,video,1146761726,T01,81092,225,true,0,0,270,480,78,27,78,33451,5,3,SV293,0,0,0,2,15611,[object Object],bandwidth,0,RIV1146761726,0,0,1958493446,S3T3,195111,0.396,0,4.131161
OT01V1146761726,1776276646021.689,outbound-rtp,COT01_45_level-idx=5;profile=0;tier=0,video,video,1146761726,T01,106430,333,true,0,0,270,480,107,29,107,53456,5,3,SV293,0,0,0,2,21452,[object Object],bandwidth,0,RIV1146761726,0,0,1958493446,S3T3,257000,0.542,0,4.194686
OT01V1146761726,1776276646021.689,outbound-rtp,COT01_45_level-idx=5;profile=0;tier=0,video,video,1146761726,T01,106430,333,true,0,0,270,480,107,29,107,53456,5,3,SV293,0,0,0,2,21452,[object Object],bandwidth,0,RIV1146761726,0,0,1958493446,S3T3,257000,0.542,0,4.194686
OT01V1146761726,1776276647021.703,outbound-rtp,COT01_45_level-idx=5;profile=0;tier=0,video,video,1146761726,T01,144895,428,true,0,0,270,480,139,30,139,66456,8,4,SV293,0,0,0,2,27718,[object Object],bandwidth,1,RIV1146761726,0,0,1958493446,S3T3,120194,0.881,0,7.799029999999999
OT01V1146761726,1776276647021.703,outbound-rtp,COT01_45_level-idx=5;profile=0;tier=0,video,video,1146761726,T01,144895,428,true,0,0,270,480,139,30,139,66456,8,4,SV293,0,0,0,2,27718,[object Object],bandwidth,1,RIV1146761726,0,0,1958493446,S3T3,120194,0.881,0,7.799029999999999
OT01V1146761726,1776276648021.622,outbound-rtp,COT01_45_level-idx=5;profile=0;tier=0,video,video,1146761726,T01,197258,491,true,0,0,270,480,168,26,168,68668,13,6,SV293,0,0,0,3,33686,[object Object],bandwidth,1,RIV1146761726,0,0,1958493446,S3T3,124770,1.227,0,12.092493
OT01V1146761726,1776276648021.622,outbound-rtp,COT01_45_level-idx=5;profile=0;tier=0,video,video,1146761726,T01,197258,491,true,0,0,270,480,168,26,168,68668,13,6,SV293,0,0,0,3,33686,[object Object],bandwidth,1,RIV1146761726,0,0,1958493446,S3T3,124770,1.227,0,12.092493
OT01V1146761726,1776276649021.579,outbound-rtp,COT01_45_level-idx=5;profile=0;tier=0,video,video,1146761726,T01,249377,566,true,0,0,270,480,203,30,203,73132,16,6,SV293,0,0,0,3,40894,[object Object],bandwidth,1,RIV1146761726,0,0,1958493446,S3T3,128123,1.611,0,14.278302
OT01V1146761726,1776276649021.579,outbound-rtp,COT01_45_level-idx=5;profile=0;tier=0,video,video,1146761726,T01,249377,566,true,0,0,270,480,203,30,203,73132,16,6,SV293,0,0,0,3,40894,[object Object],bandwidth,1,RIV1146761726,0,0,1958493446,S3T3,128123,1.611,0,14.278302
OT01V1146761726,1776276650021.642,outbound-rtp,COT01_45_level-idx=5;profile=0;tier=0,video,video,1146761726,T01,298443,667,true,0,0,270,480,237,29,237,85324,19,6,SV293,0,0,0,3,47880,[object Object],bandwidth,1,RIV1146761726,0,0,1958493446,S3T3,137687,1.98,0,17.046727999999998
OT01V1146761726,1776276650021.642,outbound-rtp,COT01_45_level-idx=5;profile=0;tier=0,video,video,1146761726,T01,298443,667,true,0,0,270,480,237,29,237,85324,19,6,SV293,0,0,0,3,47880,[object Object],bandwidth,1,RIV1146761726,0,0,1958493446,S3T3,137687,1.98,0,17.046727999999998
OT01V1146761726,1776276651021.586,outbound-rtp,COT01_45_level-idx=5;profile=0;tier=0,video,video,1146761726,T01,349048,778,true,0,0,270,480,268,27,268,100410,23,8,SV293,0,0,0,4,54252,[object Object],bandwidth,1,RIV1146761726,0,0,1958493446,S3T3,154778,2.342,0,19.806675
OT01V1146761726,1776276651021.586,outbound-rtp,COT01_45_level-idx=5;profile=0;tier=0,video,video,1146761726,T01,349048,778,true,0,0,270,480,268,27,268,100410,23,8,SV293,0,0,0,4,54252,[object Object],bandwidth,1,RIV1146761726,0,0,1958493446,S3T3,154778,2.342,0,19.806675
OT01V1146761726,1776276652021.674,outbound-rtp,COT01_45_level-idx=5;profile=0;tier=0,video,video,1146761726,T01,419758,863,true,0,0,270,480,304,29,304,103178,27,8,SV293,0,0,0,4,61639,[object Object],bandwidth,1,RIV1146761726,0,0,1958493446,S3T3,181534,2.569,0,20.566699999999997
OT01V1146761726,1776276652021.674,outbound-rtp,COT01_45_level-idx=5;profile=0;tier=0,video,video,1146761726,T01,419758,863,true,0,0,270,480,304,29,304,103178,27,8,SV293,0,0,0,4,61639,[object Object],bandwidth,1,RIV1146761726,0,0,1958493446,S3T3,181534,2.569,0,20.566699999999997
OT01V1146761726,1776276653021.624,outbound-rtp,COT01_45_level-idx=5;profile=0;tier=0,video,video,1146761726,T01,492758,952,true,0,0,270,480,337,30,337,106066,29,8,SV293,0,0,0,4,68392,[object Object],bandwidth,1,RIV1146761726,0,0,1958493446,S3T3,209204,2.934,0,22.033880999999997
OT01V1146761726,1776276653021.624,outbound-rtp,COT01_45_level-idx=5;profile=0;tier=0,video,video,1146761726,T01,492758,952,true,0,0,270,480,337,30,337,106066,29,8,SV293,0,0,0,4,68392,[object Object],bandwidth,1,RIV1146761726,0,0,1958493446,S3T3,209204,2.934,0,22.033880999999997
OT01V1146761726,1776276654021.585,outbound-rtp,COT01_45_level-idx=5;profile=0;tier=0,video,video,1146761726,T01,578530,1053,true,0,0,540,960,374,31,374,109506,32,10,SV293,0,0,0,5,75762,[object Object],bandwidth,1,RIV1146761726,0,0,1958493446,S3T3,237839,3.412,0,23.815362999999998
OT01V1146761726,1776276654021.585,outbound-rtp,COT01_45_level-idx=5;profile=0;tier=0,video,video,1146761726,T01,578530,1053,true,0,0,540,960,374,31,374,109506,32,10,SV293,0,0,0,5,75762,[object Object],bandwidth,1,RIV1146761726,0,0,1958493446,S3T3,237839,3.412,0,23.815362999999998
OT01V1146761726,1776276655021.56,outbound-rtp,COT01_45_level-idx=5;profile=0;tier=0,video,video,1146761726,T01,667743,1152,true,0,0,540,960,410,31,410,112758,34,10,SV293,0,0,0,5,82905,[object Object],bandwidth,1,RIV1146761726,0,0,1958493446,S3T3,244336,3.855,0,24.821610999999997
OT01V1146761726,1776276655021.56,outbound-rtp,COT01_45_level-idx=5;profile=0;tier=0,video,video,1146761726,T01,667743,1152,true,0,0,540,960,410,31,410,112758,34,10,SV293,0,0,0,5,82905,[object Object],bandwidth,1,RIV1146761726,0,0,1958493446,S3T3,244336,3.855,0,24.821610999999997
OT01V1146761726,1776276656021.677,outbound-rtp,COT01_45_level-idx=5;profile=0;tier=0,video,video,1146761726,T01,759201,1254,true,0,0,270,480,450,31,450,116022,34,10,SV293,0,0,0,5,90753,[object Object],bandwidth,1,RIV1146761726,0,0,1958493446,S3T3,235265,4.366,0,25.880578
OT01V1146761726,1776276656021.677,outbound-rtp,COT01_45_level-idx=5;profile=0;tier=0,video,video,1146761726,T01,759201,1254,true,0,0,270,480,450,31,450,116022,34,10,SV293,0,0,0,5,90753,[object Object],bandwidth,1,RIV1146761726,0,0,1958493446,S3T3,235265,4.366,0,25.880578
OT01V1146761726,1776276657021.572,outbound-rtp,COT01_45_level-idx=5;profile=0;tier=0,video,video,1146761726,T01,868212,1373,true,0,0,270,480,498,31,498,120034,36,12,SV293,0,0,0,6,100103,[object Object],bandwidth,1,RIV1146761726,0,0,1958493446,S3T3,225487,5.067,0,26.885686999999997
OT01V1146761726,1776276657021.572,outbound-rtp,COT01_45_level-idx=5;profile=0;tier=0,video,video,1146761726,T01,868212,1373,true,0,0,270,480,498,31,498,120034,36,12,SV293,0,0,0,6,100103,[object Object],bandwidth,1,RIV1146761726,0,0,1958493446,S3T3,225487,5.067,0,26.885686999999997
OT01V1146761726,1776276658021.555,outbound-rtp,COT01_45_level-idx=5;profile=0;tier=0,video,video,1146761726,T01,976290,1486,true,0,0,540,960,538,31,538,123658,38,12,SV293,0,0,0,6,107943,[object Object],bandwidth,1,RIV1146761726,0,0,1958493446,S3T3,210434,5.625,0,29.370286
OT01V1146761726,1776276658021.555,outbound-rtp,COT01_45_level-idx=5;profile=0;tier=0,video,video,1146761726,T01,976290,1486,true,0,0,540,960,538,31,538,123658,38,12,SV293,0,0,0,6,107943,[object Object],bandwidth,1,RIV1146761726,0,0,1958493446,S3T3,210434,5.625,0,29.370286
OT01V1146761726,1776276659021.526,outbound-rtp,COT01_45_level-idx=5;profile=0;tier=0,video,video,1146761726,T01,1097710,1616,true,0,0,540,960,579,31,579,127850,39,12,SV293,0,0,0,6,116266,[object Object],bandwidth,1,RIV1146761726,0,0,1958493446,S3T3,216178,6.196,0,30.061393
OT01V1146761726,1776276659021.526,outbound-rtp,COT01_45_level-idx=5;profile=0;tier=0,video,video,1146761726,T01,1097710,1616,true,0,0,540,960,579,31,579,127850,39,12,SV293,0,0,0,6,116266,[object Object],bandwidth,1,RIV1146761726,0,0,1958493446,S3T3,216178,6.196,0,30.061393
OT01V1146761726,1776276660021.544,outbound-rtp,COT01_45_level-idx=5;profile=0;tier=0,video,video,1146761726,T01,1227141,1757,true,0,0,270,480,625,30,625,132358,39,12,SV293,0,0,0,6,125614,[object Object],bandwidth,1,RIV1146761726,0,0,1958493446,S3T3,224415,6.874,0,30.504132
OT01V1146761726,1776276660021.544,outbound-rtp,COT01_45_level-idx=5;profile=0;tier=0,video,video,1146761726,T01,1227141,1757,true,0,0,270,480,625,30,625,132358,39,12,SV293,0,0,0,6,125614,[object Object],bandwidth,1,RIV1146761726,0,0,1958493446,S3T3,224415,6.874,0,30.504132
OT01V1146761726,1776276661021.548,outbound-rtp,COT01_45_level-idx=5;profile=0;tier=0,video,video,1146761726,T01,1369201,1890,true,0,0,1080,1920,634,5,634,136762,42,15,SV293,0,0,0,7,127437,[object Object],none,2,RIV1146761726,0,0,1958493446,S3T3,164006,7.128,0,33.128296999999996
OT01V1146761726,1776276661021.548,outbound-rtp,COT01_45_level-idx=5;profile=0;tier=0,video,video,1146761726,T01,1369201,1890,true,0,0,1080,1920,634,5,634,136762,42,15,SV293,0,0,0,7,127437,[object Object],none,2,RIV1146761726,0,0,1958493446,S3T3,164006,7.128,0,33.128296999999996
OT01V1146761726,1776276662021.676,outbound-rtp,COT01_45_level-idx=5;profile=0;tier=0,video,video,1146761726,T01,1522081,2030,true,0,0,1080,1920,634,,634,141242,42,15,SV293,0,0,0,7,127437,[object Object],none,2,RIV1146761726,0,0,1958493446,S3T3,175838,7.128,0,33.128296999999996
OT01V1146761726,1776276662021.676,outbound-rtp,COT01_45_level-idx=5;profile=0;tier=0,video,video,1146761726,T01,1522081,2030,true,0,0,1080,1920,634,,634,141242,42,15,SV293,0,0,0,7,127437,[object Object],none,2,RIV1146761726,0,0,1958493446,S3T3,175838,7.128,0,33.128296999999996
OT01V1146761726,1776276663021.681,outbound-rtp,COT01_45_level-idx=5;profile=0;tier=0,video,video,1146761726,T01,1679329,2174,true,0,0,1080,1920,634,,634,145850,42,15,SV293,0,0,0,7,127437,[object Object],none,2,RIV1146761726,0,0,1958493446,S3T3,188491,7.128,0,33.128296999999996
OT01V1146761726,1776276663021.681,outbound-rtp,COT01_45_level-idx=5;profile=0;tier=0,video,video,1146761726,T01,1679329,2174,true,0,0,1080,1920,634,,634,145850,42,15,SV293,0,0,0,7,127437,[object Object],none,2,RIV1146761726,0,0,1958493446,S3T3,188491,7.128,0,33.128296999999996
OT01V1146761726,1776276664021.802,outbound-rtp,COT01_45_level-idx=5;profile=0;tier=0,video,video,1146761726,T01,1836577,2318,true,0,0,1080,1920,634,,634,150458,42,15,SV293,0,0,0,8,127437,[object Object],none,2,RIV1146761726,0,0,1958493446,S3T3,202019,7.128,0,33.128296999999996
OT01V1146761726,1776276664021.802,outbound-rtp,COT01_45_level-idx=5;profile=0;tier=0,video,video,1146761726,T01,1836577,2318,true,0,0,1080,1920,634,,634,150458,42,15,SV293,0,0,0,8,127437,[object Object],none,2,RIV1146761726,0,0,1958493446,S3T3,202019,7.128,0,33.128296999999996
OT01V1146761726,1776276665021.67,outbound-rtp,COT01_45_level-idx=5;profile=0;tier=0,video,video,1146761726,T01,1845313,2326,true,0,0,1080,1920,634,,634,150714,42,15,SV293,0,0,0,9,127437,[object Object],none,2,RIV1146761726,0,0,1958493446,S3T3,206794,7.128,0,33.128296999999996
OT01V1146761726,1776276665021.67,outbound-rtp,COT01_45_level-idx=5;profile=0;tier=0,video,video,1146761726,T01,1845313,2326,true,0,0,1080,1920,634,,634,150714,42,15,SV293,0,0,0,9,127437,[object Object],none,2,RIV1146761726,0,0,1958493446,S3T3,206794,7.128,0,33.128296999999996
OT01V1146761726,1776276666021.629,outbound-rtp,COT01_45_level-idx=5;profile=0;tier=0,video,video,1146761726,T01,1845313,2326,true,0,0,,,634,,634,150714,42,15,SV293,0,0,0,9,127437,[object Object],none,2,RIV1146761726,0,0,1958493446,S3T3,206794,7.128,0,33.128296999999996
OT01V1146761726,1776276666021.629,outbound-rtp,COT01_45_level-idx=5;profile=0;tier=0,video,video,1146761726,T01,1845313,2326,true,0,0,,,634,,634,150714,42,15,SV293,0,0,0,9,127437,[object Object],none,2,RIV1146761726,0,0,1958493446,S3T3,206794,7.128,0,33.128296999999996
OT01V1146761726,1776276667021.623,outbound-rtp,COT01_45_level-idx=5;profile=0;tier=0,video,video,1146761726,T01,1845313,2326,true,0,0,,,634,,634,150714,42,15,SV293,0,0,0,9,127437,[object Object],none,2,RIV1146761726,0,0,1958493446,S3T3,206794,7.128,0,33.128296999999996
OT01V1146761726,1776276667021.623,outbound-rtp,COT01_45_level-idx=5;profile=0;tier=0,video,video,1146761726,T01,1845313,2326,true,0,0,,,634,,634,150714,42,15,SV293,0,0,0,9,127437,[object Object],none,2,RIV1146761726,0,0,1958493446,S3T3,206794,7.128,0,33.128296999999996
OT01V1146761726,1776276668021.664,outbound-rtp,COT01_45_level-idx=5;profile=0;tier=0,video,video,1146761726,T01,1845313,2326,true,0,0,,,634,,634,150714,42,15,SV293,0,0,0,9,127437,[object Object],none,2,RIV1146761726,0,0,1958493446,S3T3,206794,7.128,0,33.128296999999996
OT01V1146761726,1776276668021.664,outbound-rtp,COT01_45_level-idx=5;profile=0;tier=0,video,video,1146761726,T01,1845313,2326,true,0,0,,,634,,634,150714,42,15,SV293,0,0,0,9,127437,[object Object],none,2,RIV1146761726,0,0,1958493446,S3T3,206794,7.128,0,33.128296999999996
OT01V1146761726,1776276669021.598,outbound-rtp,COT01_45_level-idx=5;profile=0;tier=0,video,video,1146761726,T01,1845313,2326,true,0,0,,,634,,634,150714,42,15,SV293,0,0,0,9,127437,[object Object],none,2,RIV1146761726,0,0,1958493446,S3T3,206794,7.128,0,33.128296999999996
OT01V1146761726,1776276669021.598,outbound-rtp,COT01_45_level-idx=5;profile=0;tier=0,video,video,1146761726,T01,1845313,2326,true,0,0,,,634,,634,150714,42,15,SV293,0,0,0,9,127437,[object Object],none,2,RIV1146761726,0,0,1958493446,S3T3,206794,7.128,0,33.128296999999996
OT01V1146761726,1776276670021.69,outbound-rtp,COT01_45_level-idx=5;profile=0;tier=0,video,video,1146761726,T01,1845313,2326,true,0,0,,,634,,634,150714,42,15,SV293,0,0,0,9,127437,[object Object],none,2,RIV1146761726,0,0,1958493446,S3T3,206794,7.128,0,33.128296999999996
OT01V1146761726,1776276670021.69,outbound-rtp,COT01_45_level-idx=5;profile=0;tier=0,video,video,1146761726,T01,1845313,2326,true,0,0,,,634,,634,150714,42,15,SV293,0,0,0,9,127437,[object Object],none,2,RIV1146761726,0,0,1958493446,S3T3,206794,7.128,0,33.128296999999996



id,timestamp,type,bytesReceived,bytesSent,dtlsCipher,dtlsRole,dtlsState,iceLocalUsernameFragment,iceRole,iceState,localCertificateId,packetsReceived,packetsSent,remoteCertificateId,selectedCandidatePairChanges,selectedCandidatePairId,srtpCipher,tlsVersion
T01,1776276643021.759,transport,1291,38386,TLS_ECDHE_ECDSA_WITH_CHACHA20_POLY1305_SHA256,client,connected,A13q,controlling,connected,CF2C:3D:5F:2F:4D:FF:C0:DE:08:81:0F:65:8C:33:D0:27:A2:43:A5:A0:7D:7A:B5:27:20:14:28:78:65:21:72:37,12,52,CF4C:4E:27:01:D0:33:0A:1F:07:B2:82:DE:62:67:B8:4C:30:1F:5D:7F:F6:47:6B:D1:D2:5B:99:F2:52:2A:37:5B,1,CPB2PxHRg6_ZXwS9tY3,AEAD_AES_256_GCM,FEFD
T01,1776276643021.759,transport,1291,38386,TLS_ECDHE_ECDSA_WITH_CHACHA20_POLY1305_SHA256,client,connected,A13q,controlling,connected,CF2C:3D:5F:2F:4D:FF:C0:DE:08:81:0F:65:8C:33:D0:27:A2:43:A5:A0:7D:7A:B5:27:20:14:28:78:65:21:72:37,12,52,CF4C:4E:27:01:D0:33:0A:1F:07:B2:82:DE:62:67:B8:4C:30:1F:5D:7F:F6:47:6B:D1:D2:5B:99:F2:52:2A:37:5B,1,CPB2PxHRg6_ZXwS9tY3,AEAD_AES_256_GCM,FEFD
T01,1776276644021.597,transport,1919,76354,TLS_ECDHE_ECDSA_WITH_CHACHA20_POLY1305_SHA256,client,connected,A13q,controlling,connected,CF2C:3D:5F:2F:4D:FF:C0:DE:08:81:0F:65:8C:33:D0:27:A2:43:A5:A0:7D:7A:B5:27:20:14:28:78:65:21:72:37,24,123,CF4C:4E:27:01:D0:33:0A:1F:07:B2:82:DE:62:67:B8:4C:30:1F:5D:7F:F6:47:6B:D1:D2:5B:99:F2:52:2A:37:5B,1,CPB2PxHRg6_ZXwS9tY3,AEAD_AES_256_GCM,FEFD
T01,1776276644021.597,transport,1919,76354,TLS_ECDHE_ECDSA_WITH_CHACHA20_POLY1305_SHA256,client,connected,A13q,controlling,connected,CF2C:3D:5F:2F:4D:FF:C0:DE:08:81:0F:65:8C:33:D0:27:A2:43:A5:A0:7D:7A:B5:27:20:14:28:78:65:21:72:37,24,123,CF4C:4E:27:01:D0:33:0A:1F:07:B2:82:DE:62:67:B8:4C:30:1F:5D:7F:F6:47:6B:D1:D2:5B:99:F2:52:2A:37:5B,1,CPB2PxHRg6_ZXwS9tY3,AEAD_AES_256_GCM,FEFD
T01,1776276645021.592,transport,2559,119174,TLS_ECDHE_ECDSA_WITH_CHACHA20_POLY1305_SHA256,client,connected,A13q,controlling,connected,CF2C:3D:5F:2F:4D:FF:C0:DE:08:81:0F:65:8C:33:D0:27:A2:43:A5:A0:7D:7A:B5:27:20:14:28:78:65:21:72:37,35,230,CF4C:4E:27:01:D0:33:0A:1F:07:B2:82:DE:62:67:B8:4C:30:1F:5D:7F:F6:47:6B:D1:D2:5B:99:F2:52:2A:37:5B,1,CPB2PxHRg6_ZXwS9tY3,AEAD_AES_256_GCM,FEFD
T01,1776276645021.592,transport,2559,119174,TLS_ECDHE_ECDSA_WITH_CHACHA20_POLY1305_SHA256,client,connected,A13q,controlling,connected,CF2C:3D:5F:2F:4D:FF:C0:DE:08:81:0F:65:8C:33:D0:27:A2:43:A5:A0:7D:7A:B5:27:20:14:28:78:65:21:72:37,35,230,CF4C:4E:27:01:D0:33:0A:1F:07:B2:82:DE:62:67:B8:4C:30:1F:5D:7F:F6:47:6B:D1:D2:5B:99:F2:52:2A:37:5B,1,CPB2PxHRg6_ZXwS9tY3,AEAD_AES_256_GCM,FEFD
T01,1776276646021.689,transport,3199,166345,TLS_ECDHE_ECDSA_WITH_CHACHA20_POLY1305_SHA256,client,connected,A13q,controlling,connected,CF2C:3D:5F:2F:4D:FF:C0:DE:08:81:0F:65:8C:33:D0:27:A2:43:A5:A0:7D:7A:B5:27:20:14:28:78:65:21:72:37,46,339,CF4C:4E:27:01:D0:33:0A:1F:07:B2:82:DE:62:67:B8:4C:30:1F:5D:7F:F6:47:6B:D1:D2:5B:99:F2:52:2A:37:5B,1,CPB2PxHRg6_ZXwS9tY3,AEAD_AES_256_GCM,FEFD
T01,1776276646021.689,transport,3199,166345,TLS_ECDHE_ECDSA_WITH_CHACHA20_POLY1305_SHA256,client,connected,A13q,controlling,connected,CF2C:3D:5F:2F:4D:FF:C0:DE:08:81:0F:65:8C:33:D0:27:A2:43:A5:A0:7D:7A:B5:27:20:14:28:78:65:21:72:37,46,339,CF4C:4E:27:01:D0:33:0A:1F:07:B2:82:DE:62:67:B8:4C:30:1F:5D:7F:F6:47:6B:D1:D2:5B:99:F2:52:2A:37:5B,1,CPB2PxHRg6_ZXwS9tY3,AEAD_AES_256_GCM,FEFD
T01,1776276647021.703,transport,3727,219430,TLS_ECDHE_ECDSA_WITH_CHACHA20_POLY1305_SHA256,client,connected,A13q,controlling,connected,CF2C:3D:5F:2F:4D:FF:C0:DE:08:81:0F:65:8C:33:D0:27:A2:43:A5:A0:7D:7A:B5:27:20:14:28:78:65:21:72:37,56,435,CF4C:4E:27:01:D0:33:0A:1F:07:B2:82:DE:62:67:B8:4C:30:1F:5D:7F:F6:47:6B:D1:D2:5B:99:F2:52:2A:37:5B,1,CPB2PxHRg6_ZXwS9tY3,AEAD_AES_256_GCM,FEFD
T01,1776276647021.703,transport,3727,219430,TLS_ECDHE_ECDSA_WITH_CHACHA20_POLY1305_SHA256,client,connected,A13q,controlling,connected,CF2C:3D:5F:2F:4D:FF:C0:DE:08:81:0F:65:8C:33:D0:27:A2:43:A5:A0:7D:7A:B5:27:20:14:28:78:65:21:72:37,56,435,CF4C:4E:27:01:D0:33:0A:1F:07:B2:82:DE:62:67:B8:4C:30:1F:5D:7F:F6:47:6B:D1:D2:5B:99:F2:52:2A:37:5B,1,CPB2PxHRg6_ZXwS9tY3,AEAD_AES_256_GCM,FEFD
T01,1776276648021.622,transport,4355,275189,TLS_ECDHE_ECDSA_WITH_CHACHA20_POLY1305_SHA256,client,connected,A13q,controlling,connected,CF2C:3D:5F:2F:4D:FF:C0:DE:08:81:0F:65:8C:33:D0:27:A2:43:A5:A0:7D:7A:B5:27:20:14:28:78:65:21:72:37,68,500,CF4C:4E:27:01:D0:33:0A:1F:07:B2:82:DE:62:67:B8:4C:30:1F:5D:7F:F6:47:6B:D1:D2:5B:99:F2:52:2A:37:5B,1,CPB2PxHRg6_ZXwS9tY3,AEAD_AES_256_GCM,FEFD
T01,1776276648021.622,transport,4355,275189,TLS_ECDHE_ECDSA_WITH_CHACHA20_POLY1305_SHA256,client,connected,A13q,controlling,connected,CF2C:3D:5F:2F:4D:FF:C0:DE:08:81:0F:65:8C:33:D0:27:A2:43:A5:A0:7D:7A:B5:27:20:14:28:78:65:21:72:37,68,500,CF4C:4E:27:01:D0:33:0A:1F:07:B2:82:DE:62:67:B8:4C:30:1F:5D:7F:F6:47:6B:D1:D2:5B:99:F2:52:2A:37:5B,1,CPB2PxHRg6_ZXwS9tY3,AEAD_AES_256_GCM,FEFD
T01,1776276649021.579,transport,4955,333048,TLS_ECDHE_ECDSA_WITH_CHACHA20_POLY1305_SHA256,client,connected,A13q,controlling,connected,CF2C:3D:5F:2F:4D:FF:C0:DE:08:81:0F:65:8C:33:D0:27:A2:43:A5:A0:7D:7A:B5:27:20:14:28:78:65:21:72:37,79,576,CF4C:4E:27:01:D0:33:0A:1F:07:B2:82:DE:62:67:B8:4C:30:1F:5D:7F:F6:47:6B:D1:D2:5B:99:F2:52:2A:37:5B,1,CPB2PxHRg6_ZXwS9tY3,AEAD_AES_256_GCM,FEFD
T01,1776276649021.579,transport,4955,333048,TLS_ECDHE_ECDSA_WITH_CHACHA20_POLY1305_SHA256,client,connected,A13q,controlling,connected,CF2C:3D:5F:2F:4D:FF:C0:DE:08:81:0F:65:8C:33:D0:27:A2:43:A5:A0:7D:7A:B5:27:20:14:28:78:65:21:72:37,79,576,CF4C:4E:27:01:D0:33:0A:1F:07:B2:82:DE:62:67:B8:4C:30:1F:5D:7F:F6:47:6B:D1:D2:5B:99:F2:52:2A:37:5B,1,CPB2PxHRg6_ZXwS9tY3,AEAD_AES_256_GCM,FEFD
T01,1776276650021.642,transport,5579,396122,TLS_ECDHE_ECDSA_WITH_CHACHA20_POLY1305_SHA256,client,connected,A13q,controlling,connected,CF2C:3D:5F:2F:4D:FF:C0:DE:08:81:0F:65:8C:33:D0:27:A2:43:A5:A0:7D:7A:B5:27:20:14:28:78:65:21:72:37,90,679,CF4C:4E:27:01:D0:33:0A:1F:07:B2:82:DE:62:67:B8:4C:30:1F:5D:7F:F6:47:6B:D1:D2:5B:99:F2:52:2A:37:5B,1,CPB2PxHRg6_ZXwS9tY3,AEAD_AES_256_GCM,FEFD
T01,1776276650021.642,transport,5579,396122,TLS_ECDHE_ECDSA_WITH_CHACHA20_POLY1305_SHA256,client,connected,A13q,controlling,connected,CF2C:3D:5F:2F:4D:FF:C0:DE:08:81:0F:65:8C:33:D0:27:A2:43:A5:A0:7D:7A:B5:27:20:14:28:78:65:21:72:37,90,679,CF4C:4E:27:01:D0:33:0A:1F:07:B2:82:DE:62:67:B8:4C:30:1F:5D:7F:F6:47:6B:D1:D2:5B:99:F2:52:2A:37:5B,1,CPB2PxHRg6_ZXwS9tY3,AEAD_AES_256_GCM,FEFD
T01,1776276651021.586,transport,6159,463665,TLS_ECDHE_ECDSA_WITH_CHACHA20_POLY1305_SHA256,client,connected,A13q,controlling,connected,CF2C:3D:5F:2F:4D:FF:C0:DE:08:81:0F:65:8C:33:D0:27:A2:43:A5:A0:7D:7A:B5:27:20:14:28:78:65:21:72:37,101,791,CF4C:4E:27:01:D0:33:0A:1F:07:B2:82:DE:62:67:B8:4C:30:1F:5D:7F:F6:47:6B:D1:D2:5B:99:F2:52:2A:37:5B,1,CPB2PxHRg6_ZXwS9tY3,AEAD_AES_256_GCM,FEFD
T01,1776276651021.586,transport,6159,463665,TLS_ECDHE_ECDSA_WITH_CHACHA20_POLY1305_SHA256,client,connected,A13q,controlling,connected,CF2C:3D:5F:2F:4D:FF:C0:DE:08:81:0F:65:8C:33:D0:27:A2:43:A5:A0:7D:7A:B5:27:20:14:28:78:65:21:72:37,101,791,CF4C:4E:27:01:D0:33:0A:1F:07:B2:82:DE:62:67:B8:4C:30:1F:5D:7F:F6:47:6B:D1:D2:5B:99:F2:52:2A:37:5B,1,CPB2PxHRg6_ZXwS9tY3,AEAD_AES_256_GCM,FEFD
T01,1776276652021.674,transport,6779,538603,TLS_ECDHE_ECDSA_WITH_CHACHA20_POLY1305_SHA256,client,connected,A13q,controlling,connected,CF2C:3D:5F:2F:4D:FF:C0:DE:08:81:0F:65:8C:33:D0:27:A2:43:A5:A0:7D:7A:B5:27:20:14:28:78:65:21:72:37,112,877,CF4C:4E:27:01:D0:33:0A:1F:07:B2:82:DE:62:67:B8:4C:30:1F:5D:7F:F6:47:6B:D1:D2:5B:99:F2:52:2A:37:5B,1,CPB2PxHRg6_ZXwS9tY3,AEAD_AES_256_GCM,FEFD
T01,1776276652021.674,transport,6779,538603,TLS_ECDHE_ECDSA_WITH_CHACHA20_POLY1305_SHA256,client,connected,A13q,controlling,connected,CF2C:3D:5F:2F:4D:FF:C0:DE:08:81:0F:65:8C:33:D0:27:A2:43:A5:A0:7D:7A:B5:27:20:14:28:78:65:21:72:37,112,877,CF4C:4E:27:01:D0:33:0A:1F:07:B2:82:DE:62:67:B8:4C:30:1F:5D:7F:F6:47:6B:D1:D2:5B:99:F2:52:2A:37:5B,1,CPB2PxHRg6_ZXwS9tY3,AEAD_AES_256_GCM,FEFD
T01,1776276653021.624,transport,7399,616091,TLS_ECDHE_ECDSA_WITH_CHACHA20_POLY1305_SHA256,client,connected,A13q,controlling,connected,CF2C:3D:5F:2F:4D:FF:C0:DE:08:81:0F:65:8C:33:D0:27:A2:43:A5:A0:7D:7A:B5:27:20:14:28:78:65:21:72:37,123,968,CF4C:4E:27:01:D0:33:0A:1F:07:B2:82:DE:62:67:B8:4C:30:1F:5D:7F:F6:47:6B:D1:D2:5B:99:F2:52:2A:37:5B,1,CPB2PxHRg6_ZXwS9tY3,AEAD_AES_256_GCM,FEFD
T01,1776276653021.624,transport,7399,616091,TLS_ECDHE_ECDSA_WITH_CHACHA20_POLY1305_SHA256,client,connected,A13q,controlling,connected,CF2C:3D:5F:2F:4D:FF:C0:DE:08:81:0F:65:8C:33:D0:27:A2:43:A5:A0:7D:7A:B5:27:20:14:28:78:65:21:72:37,123,968,CF4C:4E:27:01:D0:33:0A:1F:07:B2:82:DE:62:67:B8:4C:30:1F:5D:7F:F6:47:6B:D1:D2:5B:99:F2:52:2A:37:5B,1,CPB2PxHRg6_ZXwS9tY3,AEAD_AES_256_GCM,FEFD
T01,1776276654021.585,transport,8059,706995,TLS_ECDHE_ECDSA_WITH_CHACHA20_POLY1305_SHA256,client,connected,A13q,controlling,connected,CF2C:3D:5F:2F:4D:FF:C0:DE:08:81:0F:65:8C:33:D0:27:A2:43:A5:A0:7D:7A:B5:27:20:14:28:78:65:21:72:37,135,1070,CF4C:4E:27:01:D0:33:0A:1F:07:B2:82:DE:62:67:B8:4C:30:1F:5D:7F:F6:47:6B:D1:D2:5B:99:F2:52:2A:37:5B,1,CPB2PxHRg6_ZXwS9tY3,AEAD_AES_256_GCM,FEFD
T01,1776276654021.585,transport,8059,706995,TLS_ECDHE_ECDSA_WITH_CHACHA20_POLY1305_SHA256,client,connected,A13q,controlling,connected,CF2C:3D:5F:2F:4D:FF:C0:DE:08:81:0F:65:8C:33:D0:27:A2:43:A5:A0:7D:7A:B5:27:20:14:28:78:65:21:72:37,135,1070,CF4C:4E:27:01:D0:33:0A:1F:07:B2:82:DE:62:67:B8:4C:30:1F:5D:7F:F6:47:6B:D1:D2:5B:99:F2:52:2A:37:5B,1,CPB2PxHRg6_ZXwS9tY3,AEAD_AES_256_GCM,FEFD
T01,1776276655021.56,transport,8603,801220,TLS_ECDHE_ECDSA_WITH_CHACHA20_POLY1305_SHA256,client,connected,A13q,controlling,connected,CF2C:3D:5F:2F:4D:FF:C0:DE:08:81:0F:65:8C:33:D0:27:A2:43:A5:A0:7D:7A:B5:27:20:14:28:78:65:21:72:37,145,1171,CF4C:4E:27:01:D0:33:0A:1F:07:B2:82:DE:62:67:B8:4C:30:1F:5D:7F:F6:47:6B:D1:D2:5B:99:F2:52:2A:37:5B,1,CPB2PxHRg6_ZXwS9tY3,AEAD_AES_256_GCM,FEFD
T01,1776276655021.56,transport,8603,801220,TLS_ECDHE_ECDSA_WITH_CHACHA20_POLY1305_SHA256,client,connected,A13q,controlling,connected,CF2C:3D:5F:2F:4D:FF:C0:DE:08:81:0F:65:8C:33:D0:27:A2:43:A5:A0:7D:7A:B5:27:20:14:28:78:65:21:72:37,145,1171,CF4C:4E:27:01:D0:33:0A:1F:07:B2:82:DE:62:67:B8:4C:30:1F:5D:7F:F6:47:6B:D1:D2:5B:99:F2:52:2A:37:5B,1,CPB2PxHRg6_ZXwS9tY3,AEAD_AES_256_GCM,FEFD
T01,1776276656021.677,transport,9239,897750,TLS_ECDHE_ECDSA_WITH_CHACHA20_POLY1305_SHA256,client,connected,A13q,controlling,connected,CF2C:3D:5F:2F:4D:FF:C0:DE:08:81:0F:65:8C:33:D0:27:A2:43:A5:A0:7D:7A:B5:27:20:14:28:78:65:21:72:37,156,1275,CF4C:4E:27:01:D0:33:0A:1F:07:B2:82:DE:62:67:B8:4C:30:1F:5D:7F:F6:47:6B:D1:D2:5B:99:F2:52:2A:37:5B,1,CPB2PxHRg6_ZXwS9tY3,AEAD_AES_256_GCM,FEFD
T01,1776276656021.677,transport,9239,897750,TLS_ECDHE_ECDSA_WITH_CHACHA20_POLY1305_SHA256,client,connected,A13q,controlling,connected,CF2C:3D:5F:2F:4D:FF:C0:DE:08:81:0F:65:8C:33:D0:27:A2:43:A5:A0:7D:7A:B5:27:20:14:28:78:65:21:72:37,156,1275,CF4C:4E:27:01:D0:33:0A:1F:07:B2:82:DE:62:67:B8:4C:30:1F:5D:7F:F6:47:6B:D1:D2:5B:99:F2:52:2A:37:5B,1,CPB2PxHRg6_ZXwS9tY3,AEAD_AES_256_GCM,FEFD
T01,1776276657021.572,transport,9919,1012853,TLS_ECDHE_ECDSA_WITH_CHACHA20_POLY1305_SHA256,client,connected,A13q,controlling,connected,CF2C:3D:5F:2F:4D:FF:C0:DE:08:81:0F:65:8C:33:D0:27:A2:43:A5:A0:7D:7A:B5:27:20:14:28:78:65:21:72:37,168,1396,CF4C:4E:27:01:D0:33:0A:1F:07:B2:82:DE:62:67:B8:4C:30:1F:5D:7F:F6:47:6B:D1:D2:5B:99:F2:52:2A:37:5B,1,CPB2PxHRg6_ZXwS9tY3,AEAD_AES_256_GCM,FEFD
T01,1776276657021.572,transport,9919,1012853,TLS_ECDHE_ECDSA_WITH_CHACHA20_POLY1305_SHA256,client,connected,A13q,controlling,connected,CF2C:3D:5F:2F:4D:FF:C0:DE:08:81:0F:65:8C:33:D0:27:A2:43:A5:A0:7D:7A:B5:27:20:14:28:78:65:21:72:37,168,1396,CF4C:4E:27:01:D0:33:0A:1F:07:B2:82:DE:62:67:B8:4C:30:1F:5D:7F:F6:47:6B:D1:D2:5B:99:F2:52:2A:37:5B,1,CPB2PxHRg6_ZXwS9tY3,AEAD_AES_256_GCM,FEFD
T01,1776276658021.555,transport,10567,1126539,TLS_ECDHE_ECDSA_WITH_CHACHA20_POLY1305_SHA256,client,connected,A13q,controlling,connected,CF2C:3D:5F:2F:4D:FF:C0:DE:08:81:0F:65:8C:33:D0:27:A2:43:A5:A0:7D:7A:B5:27:20:14:28:78:65:21:72:37,179,1511,CF4C:4E:27:01:D0:33:0A:1F:07:B2:82:DE:62:67:B8:4C:30:1F:5D:7F:F6:47:6B:D1:D2:5B:99:F2:52:2A:37:5B,1,CPB2PxHRg6_ZXwS9tY3,AEAD_AES_256_GCM,FEFD
T01,1776276658021.555,transport,10567,1126539,TLS_ECDHE_ECDSA_WITH_CHACHA20_POLY1305_SHA256,client,connected,A13q,controlling,connected,CF2C:3D:5F:2F:4D:FF:C0:DE:08:81:0F:65:8C:33:D0:27:A2:43:A5:A0:7D:7A:B5:27:20:14:28:78:65:21:72:37,179,1511,CF4C:4E:27:01:D0:33:0A:1F:07:B2:82:DE:62:67:B8:4C:30:1F:5D:7F:F6:47:6B:D1:D2:5B:99:F2:52:2A:37:5B,1,CPB2PxHRg6_ZXwS9tY3,AEAD_AES_256_GCM,FEFD
T01,1776276659021.526,transport,11227,1254483,TLS_ECDHE_ECDSA_WITH_CHACHA20_POLY1305_SHA256,client,connected,A13q,controlling,connected,CF2C:3D:5F:2F:4D:FF:C0:DE:08:81:0F:65:8C:33:D0:27:A2:43:A5:A0:7D:7A:B5:27:20:14:28:78:65:21:72:37,190,1644,CF4C:4E:27:01:D0:33:0A:1F:07:B2:82:DE:62:67:B8:4C:30:1F:5D:7F:F6:47:6B:D1:D2:5B:99:F2:52:2A:37:5B,1,CPB2PxHRg6_ZXwS9tY3,AEAD_AES_256_GCM,FEFD
T01,1776276659021.526,transport,11227,1254483,TLS_ECDHE_ECDSA_WITH_CHACHA20_POLY1305_SHA256,client,connected,A13q,controlling,connected,CF2C:3D:5F:2F:4D:FF:C0:DE:08:81:0F:65:8C:33:D0:27:A2:43:A5:A0:7D:7A:B5:27:20:14:28:78:65:21:72:37,190,1644,CF4C:4E:27:01:D0:33:0A:1F:07:B2:82:DE:62:67:B8:4C:30:1F:5D:7F:F6:47:6B:D1:D2:5B:99:F2:52:2A:37:5B,1,CPB2PxHRg6_ZXwS9tY3,AEAD_AES_256_GCM,FEFD
T01,1776276660021.544,transport,11807,1390906,TLS_ECDHE_ECDSA_WITH_CHACHA20_POLY1305_SHA256,client,connected,A13q,controlling,connected,CF2C:3D:5F:2F:4D:FF:C0:DE:08:81:0F:65:8C:33:D0:27:A2:43:A5:A0:7D:7A:B5:27:20:14:28:78:65:21:72:37,200,1788,CF4C:4E:27:01:D0:33:0A:1F:07:B2:82:DE:62:67:B8:4C:30:1F:5D:7F:F6:47:6B:D1:D2:5B:99:F2:52:2A:37:5B,1,CPB2PxHRg6_ZXwS9tY3,AEAD_AES_256_GCM,FEFD
T01,1776276660021.544,transport,11807,1390906,TLS_ECDHE_ECDSA_WITH_CHACHA20_POLY1305_SHA256,client,connected,A13q,controlling,connected,CF2C:3D:5F:2F:4D:FF:C0:DE:08:81:0F:65:8C:33:D0:27:A2:43:A5:A0:7D:7A:B5:27:20:14:28:78:65:21:72:37,200,1788,CF4C:4E:27:01:D0:33:0A:1F:07:B2:82:DE:62:67:B8:4C:30:1F:5D:7F:F6:47:6B:D1:D2:5B:99:F2:52:2A:37:5B,1,CPB2PxHRg6_ZXwS9tY3,AEAD_AES_256_GCM,FEFD
T01,1776276661021.548,transport,12499,1539674,TLS_ECDHE_ECDSA_WITH_CHACHA20_POLY1305_SHA256,client,connected,A13q,controlling,connected,CF2C:3D:5F:2F:4D:FF:C0:DE:08:81:0F:65:8C:33:D0:27:A2:43:A5:A0:7D:7A:B5:27:20:14:28:78:65:21:72:37,212,1923,CF4C:4E:27:01:D0:33:0A:1F:07:B2:82:DE:62:67:B8:4C:30:1F:5D:7F:F6:47:6B:D1:D2:5B:99:F2:52:2A:37:5B,1,CPB2PxHRg6_ZXwS9tY3,AEAD_AES_256_GCM,FEFD
T01,1776276661021.548,transport,12499,1539674,TLS_ECDHE_ECDSA_WITH_CHACHA20_POLY1305_SHA256,client,connected,A13q,controlling,connected,CF2C:3D:5F:2F:4D:FF:C0:DE:08:81:0F:65:8C:33:D0:27:A2:43:A5:A0:7D:7A:B5:27:20:14:28:78:65:21:72:37,212,1923,CF4C:4E:27:01:D0:33:0A:1F:07:B2:82:DE:62:67:B8:4C:30:1F:5D:7F:F6:47:6B:D1:D2:5B:99:F2:52:2A:37:5B,1,CPB2PxHRg6_ZXwS9tY3,AEAD_AES_256_GCM,FEFD
T01,1776276662021.676,transport,13163,1699602,TLS_ECDHE_ECDSA_WITH_CHACHA20_POLY1305_SHA256,client,connected,A13q,controlling,connected,CF2C:3D:5F:2F:4D:FF:C0:DE:08:81:0F:65:8C:33:D0:27:A2:43:A5:A0:7D:7A:B5:27:20:14:28:78:65:21:72:37,223,2067,CF4C:4E:27:01:D0:33:0A:1F:07:B2:82:DE:62:67:B8:4C:30:1F:5D:7F:F6:47:6B:D1:D2:5B:99:F2:52:2A:37:5B,1,CPB2PxHRg6_ZXwS9tY3,AEAD_AES_256_GCM,FEFD
T01,1776276662021.676,transport,13163,1699602,TLS_ECDHE_ECDSA_WITH_CHACHA20_POLY1305_SHA256,client,connected,A13q,controlling,connected,CF2C:3D:5F:2F:4D:FF:C0:DE:08:81:0F:65:8C:33:D0:27:A2:43:A5:A0:7D:7A:B5:27:20:14:28:78:65:21:72:37,223,2067,CF4C:4E:27:01:D0:33:0A:1F:07:B2:82:DE:62:67:B8:4C:30:1F:5D:7F:F6:47:6B:D1:D2:5B:99:F2:52:2A:37:5B,1,CPB2PxHRg6_ZXwS9tY3,AEAD_AES_256_GCM,FEFD
T01,1776276663021.681,transport,13835,1863990,TLS_ECDHE_ECDSA_WITH_CHACHA20_POLY1305_SHA256,client,connected,A13q,controlling,connected,CF2C:3D:5F:2F:4D:FF:C0:DE:08:81:0F:65:8C:33:D0:27:A2:43:A5:A0:7D:7A:B5:27:20:14:28:78:65:21:72:37,234,2214,CF4C:4E:27:01:D0:33:0A:1F:07:B2:82:DE:62:67:B8:4C:30:1F:5D:7F:F6:47:6B:D1:D2:5B:99:F2:52:2A:37:5B,1,CPB2PxHRg6_ZXwS9tY3,AEAD_AES_256_GCM,FEFD
T01,1776276663021.681,transport,13835,1863990,TLS_ECDHE_ECDSA_WITH_CHACHA20_POLY1305_SHA256,client,connected,A13q,controlling,connected,CF2C:3D:5F:2F:4D:FF:C0:DE:08:81:0F:65:8C:33:D0:27:A2:43:A5:A0:7D:7A:B5:27:20:14:28:78:65:21:72:37,234,2214,CF4C:4E:27:01:D0:33:0A:1F:07:B2:82:DE:62:67:B8:4C:30:1F:5D:7F:F6:47:6B:D1:D2:5B:99:F2:52:2A:37:5B,1,CPB2PxHRg6_ZXwS9tY3,AEAD_AES_256_GCM,FEFD
T01,1776276664021.802,transport,14387,2028402,TLS_ECDHE_ECDSA_WITH_CHACHA20_POLY1305_SHA256,client,connected,A13q,controlling,connected,CF2C:3D:5F:2F:4D:FF:C0:DE:08:81:0F:65:8C:33:D0:27:A2:43:A5:A0:7D:7A:B5:27:20:14:28:78:65:21:72:37,244,2361,CF4C:4E:27:01:D0:33:0A:1F:07:B2:82:DE:62:67:B8:4C:30:1F:5D:7F:F6:47:6B:D1:D2:5B:99:F2:52:2A:37:5B,1,CPB2PxHRg6_ZXwS9tY3,AEAD_AES_256_GCM,FEFD
T01,1776276664021.802,transport,14387,2028402,TLS_ECDHE_ECDSA_WITH_CHACHA20_POLY1305_SHA256,client,connected,A13q,controlling,connected,CF2C:3D:5F:2F:4D:FF:C0:DE:08:81:0F:65:8C:33:D0:27:A2:43:A5:A0:7D:7A:B5:27:20:14:28:78:65:21:72:37,244,2361,CF4C:4E:27:01:D0:33:0A:1F:07:B2:82:DE:62:67:B8:4C:30:1F:5D:7F:F6:47:6B:D1:D2:5B:99:F2:52:2A:37:5B,1,CPB2PxHRg6_ZXwS9tY3,AEAD_AES_256_GCM,FEFD
T01,1776276665021.67,transport,14623,2037774,TLS_ECDHE_ECDSA_WITH_CHACHA20_POLY1305_SHA256,client,connected,A13q,controlling,connected,CF2C:3D:5F:2F:4D:FF:C0:DE:08:81:0F:65:8C:33:D0:27:A2:43:A5:A0:7D:7A:B5:27:20:14:28:78:65:21:72:37,248,2372,CF4C:4E:27:01:D0:33:0A:1F:07:B2:82:DE:62:67:B8:4C:30:1F:5D:7F:F6:47:6B:D1:D2:5B:99:F2:52:2A:37:5B,1,CPB2PxHRg6_ZXwS9tY3,AEAD_AES_256_GCM,FEFD
T01,1776276665021.67,transport,14623,2037774,TLS_ECDHE_ECDSA_WITH_CHACHA20_POLY1305_SHA256,client,connected,A13q,controlling,connected,CF2C:3D:5F:2F:4D:FF:C0:DE:08:81:0F:65:8C:33:D0:27:A2:43:A5:A0:7D:7A:B5:27:20:14:28:78:65:21:72:37,248,2372,CF4C:4E:27:01:D0:33:0A:1F:07:B2:82:DE:62:67:B8:4C:30:1F:5D:7F:F6:47:6B:D1:D2:5B:99:F2:52:2A:37:5B,1,CPB2PxHRg6_ZXwS9tY3,AEAD_AES_256_GCM,FEFD
T01,1776276666021.629,transport,14719,2037774,TLS_ECDHE_ECDSA_WITH_CHACHA20_POLY1305_SHA256,client,connected,A13q,controlling,connected,CF2C:3D:5F:2F:4D:FF:C0:DE:08:81:0F:65:8C:33:D0:27:A2:43:A5:A0:7D:7A:B5:27:20:14:28:78:65:21:72:37,249,2372,CF4C:4E:27:01:D0:33:0A:1F:07:B2:82:DE:62:67:B8:4C:30:1F:5D:7F:F6:47:6B:D1:D2:5B:99:F2:52:2A:37:5B,1,CPB2PxHRg6_ZXwS9tY3,AEAD_AES_256_GCM,FEFD
T01,1776276666021.629,transport,14719,2037774,TLS_ECDHE_ECDSA_WITH_CHACHA20_POLY1305_SHA256,client,connected,A13q,controlling,connected,CF2C:3D:5F:2F:4D:FF:C0:DE:08:81:0F:65:8C:33:D0:27:A2:43:A5:A0:7D:7A:B5:27:20:14:28:78:65:21:72:37,249,2372,CF4C:4E:27:01:D0:33:0A:1F:07:B2:82:DE:62:67:B8:4C:30:1F:5D:7F:F6:47:6B:D1:D2:5B:99:F2:52:2A:37:5B,1,CPB2PxHRg6_ZXwS9tY3,AEAD_AES_256_GCM,FEFD
T01,1776276667021.623,transport,14815,2037874,TLS_ECDHE_ECDSA_WITH_CHACHA20_POLY1305_SHA256,client,connected,A13q,controlling,connected,CF2C:3D:5F:2F:4D:FF:C0:DE:08:81:0F:65:8C:33:D0:27:A2:43:A5:A0:7D:7A:B5:27:20:14:28:78:65:21:72:37,250,2373,CF4C:4E:27:01:D0:33:0A:1F:07:B2:82:DE:62:67:B8:4C:30:1F:5D:7F:F6:47:6B:D1:D2:5B:99:F2:52:2A:37:5B,1,CPB2PxHRg6_ZXwS9tY3,AEAD_AES_256_GCM,FEFD
T01,1776276667021.623,transport,14815,2037874,TLS_ECDHE_ECDSA_WITH_CHACHA20_POLY1305_SHA256,client,connected,A13q,controlling,connected,CF2C:3D:5F:2F:4D:FF:C0:DE:08:81:0F:65:8C:33:D0:27:A2:43:A5:A0:7D:7A:B5:27:20:14:28:78:65:21:72:37,250,2373,CF4C:4E:27:01:D0:33:0A:1F:07:B2:82:DE:62:67:B8:4C:30:1F:5D:7F:F6:47:6B:D1:D2:5B:99:F2:52:2A:37:5B,1,CPB2PxHRg6_ZXwS9tY3,AEAD_AES_256_GCM,FEFD
T01,1776276668021.664,transport,14911,2037974,TLS_ECDHE_ECDSA_WITH_CHACHA20_POLY1305_SHA256,client,connected,A13q,controlling,connected,CF2C:3D:5F:2F:4D:FF:C0:DE:08:81:0F:65:8C:33:D0:27:A2:43:A5:A0:7D:7A:B5:27:20:14:28:78:65:21:72:37,251,2374,CF4C:4E:27:01:D0:33:0A:1F:07:B2:82:DE:62:67:B8:4C:30:1F:5D:7F:F6:47:6B:D1:D2:5B:99:F2:52:2A:37:5B,1,CPB2PxHRg6_ZXwS9tY3,AEAD_AES_256_GCM,FEFD
T01,1776276668021.664,transport,14911,2037974,TLS_ECDHE_ECDSA_WITH_CHACHA20_POLY1305_SHA256,client,connected,A13q,controlling,connected,CF2C:3D:5F:2F:4D:FF:C0:DE:08:81:0F:65:8C:33:D0:27:A2:43:A5:A0:7D:7A:B5:27:20:14:28:78:65:21:72:37,251,2374,CF4C:4E:27:01:D0:33:0A:1F:07:B2:82:DE:62:67:B8:4C:30:1F:5D:7F:F6:47:6B:D1:D2:5B:99:F2:52:2A:37:5B,1,CPB2PxHRg6_ZXwS9tY3,AEAD_AES_256_GCM,FEFD
T01,1776276669021.598,transport,14911,2038074,TLS_ECDHE_ECDSA_WITH_CHACHA20_POLY1305_SHA256,client,connected,A13q,controlling,connected,CF2C:3D:5F:2F:4D:FF:C0:DE:08:81:0F:65:8C:33:D0:27:A2:43:A5:A0:7D:7A:B5:27:20:14:28:78:65:21:72:37,251,2375,CF4C:4E:27:01:D0:33:0A:1F:07:B2:82:DE:62:67:B8:4C:30:1F:5D:7F:F6:47:6B:D1:D2:5B:99:F2:52:2A:37:5B,1,CPB2PxHRg6_ZXwS9tY3,AEAD_AES_256_GCM,FEFD
T01,1776276669021.598,transport,14911,2038074,TLS_ECDHE_ECDSA_WITH_CHACHA20_POLY1305_SHA256,client,connected,A13q,controlling,connected,CF2C:3D:5F:2F:4D:FF:C0:DE:08:81:0F:65:8C:33:D0:27:A2:43:A5:A0:7D:7A:B5:27:20:14:28:78:65:21:72:37,251,2375,CF4C:4E:27:01:D0:33:0A:1F:07:B2:82:DE:62:67:B8:4C:30:1F:5D:7F:F6:47:6B:D1:D2:5B:99:F2:52:2A:37:5B,1,CPB2PxHRg6_ZXwS9tY3,AEAD_AES_256_GCM,FEFD
T01,1776276670021.69,transport,15007,2038250,TLS_ECDHE_ECDSA_WITH_CHACHA20_POLY1305_SHA256,client,connected,A13q,controlling,connected,CF2C:3D:5F:2F:4D:FF:C0:DE:08:81:0F:65:8C:33:D0:27:A2:43:A5:A0:7D:7A:B5:27:20:14:28:78:65:21:72:37,252,2377,CF4C:4E:27:01:D0:33:0A:1F:07:B2:82:DE:62:67:B8:4C:30:1F:5D:7F:F6:47:6B:D1:D2:5B:99:F2:52:2A:37:5B,1,CPB2PxHRg6_ZXwS9tY3,AEAD_AES_256_GCM,FEFD
T01,1776276670021.69,transport,15007,2038250,TLS_ECDHE_ECDSA_WITH_CHACHA20_POLY1305_SHA256,client,connected,A13q,controlling,connected,CF2C:3D:5F:2F:4D:FF:C0:DE:08:81:0F:65:8C:33:D0:27:A2:43:A5:A0:7D:7A:B5:27:20:14:28:78:65:21:72:37,252,2377,CF4C:4E:27:01:D0:33:0A:1F:07:B2:82:DE:62:67:B8:4C:30:1F:5D:7F:F6:47:6B:D1:D2:5B:99:F2:52:2A:37:5B,1,CPB2PxHRg6_ZXwS9tY3,AEAD_AES_256_GCM,FEFD

track,timestamp,framerate,width,height
0,1776276643023,30,1920,1080
0,1776276644022,30,1920,1080
0,1776276645022,30,1920,1080
0,1776276646022,30,1920,1080
0,1776276647022,30,1920,1080
0,1776276648022,30,1920,1080
0,1776276649021,30,1920,1080
0,1776276650022,30,1920,1080
0,1776276651022,30,1920,1080
0,1776276652022,30,1920,1080
0,1776276653022,30,1920,1080
0,1776276654022,30,1920,1080
0,1776276655022,30,1920,1080
0,1776276656022,30,1920,1080
0,1776276657022,30,1920,1080
0,1776276658022,30,1920,1080
0,1776276659022,30,1920,1080
0,1776276660022,30,1920,1080
0,1776276661022,30,1920,1080
0,1776276662022,30,1920,1080
0,1776276663022,30,1920,1080
0,1776276664022,30,1920,1080
0,1776276665022,30,1920,1080
0,1776276666022,30,1920,1080
0,1776276667022,30,1920,1080
0,1776276668022,30,1920,1080
0,1776276669022,30,1920,1080
0,1776276670022,30,1920,1080